date_updated,source_url,type,fees,value,unit,value_up_to,value_greater_than,min_value,min_unit,max_value,max_unit,for_each_value,for_each_unit,riverside_fees, plan_check_fee , permit_fee ,fee_by,total_percent_multiplier,multiplier
10/5/2026,https://riversideca.gov/cedd/sites/riversideca.gov.cedd/files/pdf/building/forms/126_BUILDING-FEES_V2.0.pdf,administrative,Permit Issuance,,,,,,,,,,,FLAT FEE, $ - ,$39.00 ,each,,
10/5/2026,https://riversideca.gov/cedd/sites/riversideca.gov.cedd/files/pdf/building/forms/126_BUILDING-FEES_V2.0.pdf,administrative,Building Plan Check,,,,,,,,,,,FLAT FEE, $ - ,$82.00 ,per hour,,
10/5/2026,https://riversideca.gov/cedd/sites/riversideca.gov.cedd/files/pdf/building/forms/126_BUILDING-FEES_V2.0.pdf,administrative,Building Inspection,,,,,,,,,,,FLAT FEE, $ - ,$82.00 ,per hour,,
10/5/2026,https://riversideca.gov/cedd/sites/riversideca.gov.cedd/files/pdf/building/forms/126_BUILDING-FEES_V2.0.pdf,administrative,Temporary Certificate of Occupancy Request,,,,,,,,,,,FLAT FEE, $ - ,$166.00 ,each,,
10/5/2026,https://riversideca.gov/cedd/sites/riversideca.gov.cedd/files/pdf/building/forms/126_BUILDING-FEES_V2.0.pdf,administrative,Temporary Power Release Request,,,,,,,,,,,FLAT FEE, $ - ,$97.00 ,each,,
10/5/2026,https://riversideca.gov/cedd/sites/riversideca.gov.cedd/files/pdf/building/forms/126_BUILDING-FEES_V2.0.pdf,administrative,Building Addressing,,,,,,,,,,,FLAT FEE, $ - ,$78.00 ,each,,
10/5/2026,https://riversideca.gov/cedd/sites/riversideca.gov.cedd/files/pdf/building/forms/126_BUILDING-FEES_V2.0.pdf,administrative,Building Reinspection,,,,,,,,,,,FLAT FEE, $ - ,$93.00 ,each,,
10/5/2026,https://riversideca.gov/cedd/sites/riversideca.gov.cedd/files/pdf/building/forms/126_BUILDING-FEES_V2.0.pdf,administrative,Microfilm,,,,,,,,,,,FLAT FEE, $ - ,$1.79 ,per sheet,,
10/5/2026,https://riversideca.gov/cedd/sites/riversideca.gov.cedd/files/pdf/building/forms/126_BUILDING-FEES_V2.0.pdf,administrative,Permit Refund,,,,,,,,,,,FLAT FEE, $ - ,$66.00 ,each,,
10/5/2026,https://riversideca.gov/cedd/sites/riversideca.gov.cedd/files/pdf/building/forms/126_BUILDING-FEES_V2.0.pdf,administrative,Building Modification / Alternate Materials,,,,,,,,,,,FLAT FEE, $ - ,$556.00 ,each,,
10/5/2026,https://riversideca.gov/cedd/sites/riversideca.gov.cedd/files/pdf/building/forms/126_BUILDING-FEES_V2.0.pdf,administrative,Appeal of Building Official,,,,,,,,,,,FLAT FEE, $ - ,"$1,064.00 ",each,,
10/5/2026,https://riversideca.gov/cedd/sites/riversideca.gov.cedd/files/pdf/building/forms/126_BUILDING-FEES_V2.0.pdf,administrative,Transfer of Issued Permit,,,,,,,,,,,FLAT FEE, $ - ,$66.00 ,each,,
10/5/2026,https://riversideca.gov/cedd/sites/riversideca.gov.cedd/files/pdf/building/forms/126_BUILDING-FEES_V2.0.pdf,STRONG MOTION INSTRUMENTATION PROGRAM (SMIP) FEE,Residential Structures – valuation x 0.00013,,,,,,,,,,,VALUATION FEE, $ - , $ - ,per valuation,,0.00013
10/5/2026,https://riversideca.gov/cedd/sites/riversideca.gov.cedd/files/pdf/building/forms/126_BUILDING-FEES_V2.0.pdf,STRONG MOTION INSTRUMENTATION PROGRAM (SMIP) FEE,Commercial Structures – valuation x 0.00028,,,,,,,,,,,VALUATION FEE, $ - , $ - ,per valuation,,0.00028
10/5/2026,https://riversideca.gov/cedd/sites/riversideca.gov.cedd/files/pdf/building/forms/126_BUILDING-FEES_V2.0.pdf,CALIFORNIA BUILDING STANDARDS FEE,"$1.00 per every $25,000 or portion thereof, in construction valuation",,,,,,,,,25000,$, VALUATION FEE, $ - ,$1.00 ,per portion,,
10/5/2026,https://riversideca.gov/cedd/sites/riversideca.gov.cedd/files/pdf/building/forms/126_BUILDING-FEES_V2.0.pdf,GENERAL PLAN MAINTENANCE FEE,All plan check and permit fees x 10%,,,,,,,,,,,SURCHARGE,,,,10,
10/5/2026,https://riversideca.gov/cedd/sites/riversideca.gov.cedd/files/pdf/building/forms/126_BUILDING-FEES_V2.0.pdf,TECHNOLOGY FEE,All plan check and permit fees x 4%,,,,,,,,,,,SURCHARGE,,,,4,
10/5/2026,https://riversideca.gov/cedd/sites/riversideca.gov.cedd/files/pdf/building/forms/126_BUILDING-FEES_V2.0.pdf,NEW COMMERCIAL,"(S) Storage (10,000 SF min & 200,000 SF max)",,,,,"10,000",sf,"200,000",sf,,,OCCUPANCY FEE,$0.10 ,$0.10 ,per sf,,
10/5/2026,https://riversideca.gov/cedd/sites/riversideca.gov.cedd/files/pdf/building/forms/126_BUILDING-FEES_V2.0.pdf,NEW COMMERCIAL,"(F, H) Factory, Industrial, Hazardous (10,000 SF min & 200,000 SF max)",,,,,"10,000",sf,"200,000",sf,,,OCCUPANCY FEE,$0.14 ,$0.14 ,per sf,,
10/5/2026,https://riversideca.gov/cedd/sites/riversideca.gov.cedd/files/pdf/building/forms/126_BUILDING-FEES_V2.0.pdf,NEW COMMERCIAL,"(B, M, I) Business, Mercantile, Institutional (2,000 SF min & 20,000 SF max)",,,,,"2,000",sf,"20,000",sf,,,OCCUPANCY FEE,$0.45 ,$0.45 ,per sf,,
10/5/2026,https://riversideca.gov/cedd/sites/riversideca.gov.cedd/files/pdf/building/forms/126_BUILDING-FEES_V2.0.pdf,NEW COMMERCIAL,"(A, E) Assembly, Educational (2,000 SF min & 20,000 SF max)",,,,,"2,000",sf,"20,000",sf,,,OCCUPANCY FEE,$0.52 ,$0.52 ,per sf,,
10/5/2026,https://riversideca.gov/cedd/sites/riversideca.gov.cedd/files/pdf/building/forms/126_BUILDING-FEES_V2.0.pdf,EXISTING COMMERCIAL,"Tenant Improvement (1,500 SF min & 30,000 SF max)",,,,,"1,500",sf,"30,000",sf,,,OCCUPANCY FEE,$0.37 ,$0.37 ,per sf,,
10/5/2026,https://riversideca.gov/cedd/sites/riversideca.gov.cedd/files/pdf/building/forms/126_BUILDING-FEES_V2.0.pdf,EXISTING COMMERCIAL,"Addition + Alteration (1,500 SF min & 20,000 SF max)",,,,,"1,500",sf,"20,000",sf,,,OCCUPANCY FEE,$0.48 ,$0.48 ,per sf,,
10/5/2026,https://riversideca.gov/cedd/sites/riversideca.gov.cedd/files/pdf/building/forms/126_BUILDING-FEES_V2.0.pdf,RESIDENTIAL,"(R3) New SFD (700 SF min & 7,000 SF max)",,,,,700,sf,"7,000",sf,,,OCCUPANCY FEE,$0.53 ,$0.53 ,per sf,,
10/5/2026,https://riversideca.gov/cedd/sites/riversideca.gov.cedd/files/pdf/building/forms/126_BUILDING-FEES_V2.0.pdf,RESIDENTIAL,"(R1, R2) Multi-Family Dwelling (3,000 SF min & 50,000 SF max)",,,,,"3,000",sf,"50,000",sf,,,OCCUPANCY FEE,$0.27 ,$0.27 ,per sf,,
10/5/2026,https://riversideca.gov/cedd/sites/riversideca.gov.cedd/files/pdf/building/forms/126_BUILDING-FEES_V2.0.pdf,EXISTING RESIDENTIAL,(R3) Home Remodel SFD (100 SF min & 500 SF max),,,,,100,sf,500,sf,,,OCCUPANCY FEE,$0.88 ,$0.88 ,per sf,,
10/5/2026,https://riversideca.gov/cedd/sites/riversideca.gov.cedd/files/pdf/building/forms/126_BUILDING-FEES_V2.0.pdf,EXISTING RESIDENTIAL,(R3) Addition + Alteration SFD (200 SF min & 1500 SF max),,,,,200,sf,"1,500",sf,,,OCCUPANCY FEE,$0.82 ,$0.82 ,per sf,,
10/5/2026,https://riversideca.gov/cedd/sites/riversideca.gov.cedd/files/pdf/building/forms/126_BUILDING-FEES_V2.0.pdf,MISCELLANEOUS STRUCTURES,"(U) Accessory Structures (400 SF min & 3,000 SF max)",,,,,400,sf,"3,000",sf,,,OCCUPANCY FEE,$0.37 ,$0.37 ,per sf,,
10/5/2026,https://riversideca.gov/cedd/sites/riversideca.gov.cedd/files/pdf/building/forms/126_BUILDING-FEES_V2.0.pdf,MISCELLANEOUS,Membrane Structures / Canopies,,,,,,,,,,,FLAT FEE,$126.00 ,$126.00 ,each,,
10/5/2026,https://riversideca.gov/cedd/sites/riversideca.gov.cedd/files/pdf/building/forms/126_BUILDING-FEES_V2.0.pdf,MISCELLANEOUS,Structures Other Than Buildings,,,,,,,,,,,FLAT FEE,$213.00 ,$213.00 ,each,,
10/5/2026,https://riversideca.gov/cedd/sites/riversideca.gov.cedd/files/pdf/building/forms/126_BUILDING-FEES_V2.0.pdf,MISCELLANEOUS,Residential Demolition,,,,,,,,,,,FLAT FEE,$59.50 ,$59.50 ,each,,
10/5/2026,https://riversideca.gov/cedd/sites/riversideca.gov.cedd/files/pdf/building/forms/126_BUILDING-FEES_V2.0.pdf,MISCELLANEOUS,Commercial Demolition,,,,,,,,,,,FLAT FEE,$181.50 ,$181.50 ,each,,
10/5/2026,https://riversideca.gov/cedd/sites/riversideca.gov.cedd/files/pdf/building/forms/126_BUILDING-FEES_V2.0.pdf,SOLAR,Residential Solar Energy System ≤ 15 KW,15,kw,TRUE,,,,,,,,FLAT FEE,$175.00 ,$175.00 ,per kw,,
10/5/2026,https://riversideca.gov/cedd/sites/riversideca.gov.cedd/files/pdf/building/forms/126_BUILDING-FEES_V2.0.pdf,SOLAR,Residential Solar Energy System ≤ 15 KW For each additional KW,15,kw,,TRUE,,,,,,,FLAT FEE,$7.50 ,$7.50 ,per kw,,
10/5/2026,https://riversideca.gov/cedd/sites/riversideca.gov.cedd/files/pdf/building/forms/126_BUILDING-FEES_V2.0.pdf,SOLAR,Commercial Solar Energy System ≤ 50 KW,50,kw,TRUE,,,,,,,,FLAT FEE,$417.50 ,$417.50 ,per kw,,
10/5/2026,https://riversideca.gov/cedd/sites/riversideca.gov.cedd/files/pdf/building/forms/126_BUILDING-FEES_V2.0.pdf,SOLAR,Commercial Solar Energy System ≤ 50 KW For each additional KW up to 250,50,kw,,TRUE,,,250,kw,,,FLAT FEE,$3.50 ,$3.50 ,per kw,,
10/5/2026,https://riversideca.gov/cedd/sites/riversideca.gov.cedd/files/pdf/building/forms/126_BUILDING-FEES_V2.0.pdf,SOLAR,Commercial Solar Energy System ≤ 50 KW For each additional KW up to 250,250,kw,,TRUE,,,,,,,FLAT FEE,$2.50 ,$2.50 ,per kw,,
10/5/2026,https://riversideca.gov/cedd/sites/riversideca.gov.cedd/files/pdf/building/forms/126_BUILDING-FEES_V2.0.pdf,SOLAR,Commercial Solar Thermal Energy System ≤ 30 KW,30,kw,TRUE,,,,,,,,FLAT FEE,$417.50 ,$417.50 ,per kw,,
10/5/2026,https://riversideca.gov/cedd/sites/riversideca.gov.cedd/files/pdf/building/forms/126_BUILDING-FEES_V2.0.pdf,SOLAR,Commercial Solar Thermal Energy System ≤ 30 KW For each additional KW up to 260,30,kw,,TRUE,,,260,kw,,,FLAT FEE,$3.50 ,$3.50 ,per kw,,
10/5/2026,https://riversideca.gov/cedd/sites/riversideca.gov.cedd/files/pdf/building/forms/126_BUILDING-FEES_V2.0.pdf,SOLAR,Commercial Solar Thermal Energy System ≤ 30 KW,260,kw,,TRUE,,,,,,,FLAT FEE,$2.50 ,$2.50 ,per kw,,
10/5/2026,https://riversideca.gov/cedd/sites/riversideca.gov.cedd/files/pdf/building/forms/126_BUILDING-FEES_V2.0.pdf,SOLAR,Expedited Solar Energy System (Up to 38 KW),38,kw,TRUE,,,,,,,,FLAT FEE,$95.00 ,$95.00 ,each,,
10/5/2026,https://riversideca.gov/cedd/sites/riversideca.gov.cedd/files/pdf/building/forms/126_BUILDING-FEES_V2.0.pdf,SIGNS,Non-illuminated Wall Sign,,,,,,,,,,,FLAT FEE,$44.50 ,$44.50 ,each,,
10/5/2026,https://riversideca.gov/cedd/sites/riversideca.gov.cedd/files/pdf/building/forms/126_BUILDING-FEES_V2.0.pdf,SIGNS,Illuminated Wall Sign,,,,,,,,,,,FLAT FEE,$44.50 ,$44.50 ,each,,
10/5/2026,https://riversideca.gov/cedd/sites/riversideca.gov.cedd/files/pdf/building/forms/126_BUILDING-FEES_V2.0.pdf,SIGNS,Monument Sign,,,,,,,,,,,FLAT FEE,$97.00 ,$97.00 ,each,,
10/5/2026,https://riversideca.gov/cedd/sites/riversideca.gov.cedd/files/pdf/building/forms/126_BUILDING-FEES_V2.0.pdf,MISCELLANEOUS,Fiberglass/Vinyl Swimming Pool,,,,,,,,,,,FLAT FEE,$184.00 ,$184.00 ,each,,
10/5/2026,https://riversideca.gov/cedd/sites/riversideca.gov.cedd/files/pdf/building/forms/126_BUILDING-FEES_V2.0.pdf,MISCELLANEOUS,Moved Building,,,,,,,,,,,FLAT FEE,$622.00 ,$622.00 ,each,,
10/5/2026,https://riversideca.gov/cedd/sites/riversideca.gov.cedd/files/pdf/building/forms/126_BUILDING-FEES_V2.0.pdf,MISCELLANEOUS,Ponds/Fountains,,,,,,,,,,,FLAT FEE,$97.00 ,$97.00 ,each,,
10/5/2026,https://riversideca.gov/cedd/sites/riversideca.gov.cedd/files/pdf/building/forms/126_BUILDING-FEES_V2.0.pdf,FLAT FEE,Residential Re-roof (Overlay) ≤ 1000 SF,"1,000",sf,TRUE,,,,,,,,FLAT FEE,$48.50 ,$48.50 ,per sq,,
10/5/2026,https://riversideca.gov/cedd/sites/riversideca.gov.cedd/files/pdf/building/forms/126_BUILDING-FEES_V2.0.pdf,FLAT FEE,Residential Re-roof (Overlay) ≤ 1000 SF,"1,000",sf,,TRUE,,,,,500,sf,FLAT FEE,$12.50 ,$12.50 ,per sq,,
10/5/2026,https://riversideca.gov/cedd/sites/riversideca.gov.cedd/files/pdf/building/forms/126_BUILDING-FEES_V2.0.pdf,FLAT FEE,Residential Re-roof (Tear off & Re-roof) ≤ 1000 SF,"1,000",sf,TRUE,,,,,,,,FLAT FEE,$58.00 ,$58.00 ,per sq,,
10/5/2026,https://riversideca.gov/cedd/sites/riversideca.gov.cedd/files/pdf/building/forms/126_BUILDING-FEES_V2.0.pdf,FLAT FEE,Residential Re-roof (Tear off & Re-roof) ≤ 1000 SF,"1,000",sf,,TRUE,,,,,500,sf,FLAT FEE,$12.50 ,$12.50 ,per sq,,
10/5/2026,https://riversideca.gov/cedd/sites/riversideca.gov.cedd/files/pdf/building/forms/126_BUILDING-FEES_V2.0.pdf,FLAT FEE,Residential Re-roof (Tear off & new sheathing) ≤ 1000 SF,"1,000",sf,TRUE,,,,,,,,FLAT FEE,$84.00 ,$84.00 ,per sq,,
10/5/2026,https://riversideca.gov/cedd/sites/riversideca.gov.cedd/files/pdf/building/forms/126_BUILDING-FEES_V2.0.pdf,FLAT FEE,Residential Re-roof (Tear off & new sheathing) ≤ 1000 SF,"1,000",sf,,TRUE,,,,,500,sf,FLAT FEE,$12.50 ,$12.50 ,per sq,,
10/5/2026,https://riversideca.gov/cedd/sites/riversideca.gov.cedd/files/pdf/building/forms/126_BUILDING-FEES_V2.0.pdf,FLAT FEE,"Commercial Re-roof (Overlay) ≤ 35,000 SF","35,000",sf,TRUE,,,,,,,,FLAT FEE,$242.00 ,$242.00 ,per sq,,
10/5/2026,https://riversideca.gov/cedd/sites/riversideca.gov.cedd/files/pdf/building/forms/126_BUILDING-FEES_V2.0.pdf,FLAT FEE,"Commercial Re-roof (Overlay) ≤ 35,000 SF","35,000",sf,,TRUE,,,,,"35,000",sf,FLAT FEE,$242.00 ,$242.00 ,per sq,,
10/5/2026,https://riversideca.gov/cedd/sites/riversideca.gov.cedd/files/pdf/building/forms/126_BUILDING-FEES_V2.0.pdf,FLAT FEE,"Commercial Re-roof (Tear off & Re-roof) ≤ 35,000 SF","35,000",sf,TRUE,,,,,,,,FLAT FEE,$275.00 ,$275.00 ,per sq,,
10/5/2026,https://riversideca.gov/cedd/sites/riversideca.gov.cedd/files/pdf/building/forms/126_BUILDING-FEES_V2.0.pdf,FLAT FEE,"Commercial Re-roof (Tear off & Re-roof) ≤ 35,000 SF","35,000",sf,,TRUE,,,,,"35,000",sf,FLAT FEE,$275.00 ,$275.00 ,per sq,,
10/5/2026,https://riversideca.gov/cedd/sites/riversideca.gov.cedd/files/pdf/building/forms/126_BUILDING-FEES_V2.0.pdf,FLAT FEE,"Commercial Re-roof (Tear off & new sheathing) ≤ 35,000 SF","35,000",sf,TRUE,,,,,,,,FLAT FEE,$320.00 ,$320.00 ,per sq,,
10/5/2026,https://riversideca.gov/cedd/sites/riversideca.gov.cedd/files/pdf/building/forms/126_BUILDING-FEES_V2.0.pdf,FLAT FEE,"Commercial Re-roof (Tear off & new sheathing) ≤ 35,000 SF","35,000",sf,,TRUE,,,,,"35,000",sf,FLAT FEE,$320.00 ,$320.00 ,per sq,,
10/5/2026,https://riversideca.gov/cedd/sites/riversideca.gov.cedd/files/pdf/building/forms/126_BUILDING-FEES_V2.0.pdf,FLAT FEE,Residential windows & skylights (New/Changeout),,,,,,,,,,,FLAT FEE,$87.00 ,$87.00 ,each,,
10/5/2026,https://riversideca.gov/cedd/sites/riversideca.gov.cedd/files/pdf/building/forms/126_BUILDING-FEES_V2.0.pdf,FLAT FEE,Storage Racks ≤ 500 LF,500,lf,TRUE,,,,,,,,FLAT FEE,$249.50 ,$249.50 ,per lf,,
10/5/2026,https://riversideca.gov/cedd/sites/riversideca.gov.cedd/files/pdf/building/forms/126_BUILDING-FEES_V2.0.pdf,FLAT FEE,Storage Racks ≤ 500 LF,500,lf,,TRUE,,,,,100,lf,FLAT FEE,$25.00 ,$25.00 ,per lf,,
10/5/2026,https://riversideca.gov/cedd/sites/riversideca.gov.cedd/files/pdf/building/forms/126_BUILDING-FEES_V2.0.pdf,FLAT FEE,"Decks, Balconies, Stairways ≤ 500 SF",500,lf,TRUE,,,,,,,,FLAT FEE,$164.50 ,$164.50 ,per sq,,
10/5/2026,https://riversideca.gov/cedd/sites/riversideca.gov.cedd/files/pdf/building/forms/126_BUILDING-FEES_V2.0.pdf,FLAT FEE,"Decks, Balconies, Stairways ≤ 500 SF",500,lf,,TRUE,,,,,500,sf,FLAT FEE,$75.00 ,$75.00 ,per sq,,
10/5/2026,https://riversideca.gov/cedd/sites/riversideca.gov.cedd/files/pdf/building/forms/126_BUILDING-FEES_V2.0.pdf,FLAT FEE,"Site Improvements ≤ 3,000 SF","3,000",sf,TRUE,,,,,,,,FLAT FEE,$617.00 ,$617.00 ,per sq,,
10/5/2026,https://riversideca.gov/cedd/sites/riversideca.gov.cedd/files/pdf/building/forms/126_BUILDING-FEES_V2.0.pdf,FLAT FEE,"Site Improvements ≤ 3,000 SF","3,000",sf,,TRUE,,,,,"3,000",sf,FLAT FEE,$50.00 ,$50.00 ,per sq,,
10/5/2026,https://riversideca.gov/cedd/sites/riversideca.gov.cedd/files/pdf/building/forms/126_BUILDING-FEES_V2.0.pdf,FLAT FEE,Retaining Walls ≤ 100 LF,100,lf,TRUE,,,,,,,,FLAT FEE,$97.00 ,$97.00 ,per lf,,
10/5/2026,https://riversideca.gov/cedd/sites/riversideca.gov.cedd/files/pdf/building/forms/126_BUILDING-FEES_V2.0.pdf,FLAT FEE,Retaining Walls ≤ 100 LF,100,lf,,TRUE,,,,,100,lf,FLAT FEE,$45.00 ,$45.00 ,per lf,,
10/5/2026,https://riversideca.gov/cedd/sites/riversideca.gov.cedd/files/pdf/building/forms/126_BUILDING-FEES_V2.0.pdf,FLAT FEE,Block Walls/Fence ≤ 100 LF,100,lf,TRUE,,,,,,,,FLAT FEE,$67.00 ,$67.00 ,per lf,,
10/5/2026,https://riversideca.gov/cedd/sites/riversideca.gov.cedd/files/pdf/building/forms/126_BUILDING-FEES_V2.0.pdf,FLAT FEE,Block Walls/Fence ≤ 100 LF,100,lf,,TRUE,,,,,100,lf,FLAT FEE,$17.50 ,$17.50 ,per lf,,
10/5/2026,https://riversideca.gov/cedd/sites/riversideca.gov.cedd/files/pdf/building/forms/126_BUILDING-FEES_V2.0.pdf,FLAT FEE,Residential Lattice Patio Cover ≤ 400 SF,400,sf,TRUE,,,,,,,,FLAT FEE,$78.50 ,$78.50 ,per sq,,
10/5/2026,https://riversideca.gov/cedd/sites/riversideca.gov.cedd/files/pdf/building/forms/126_BUILDING-FEES_V2.0.pdf,FLAT FEE,Residential Lattice Patio Cover ≤ 400 SF,400,sf,,TRUE,,,,,400,sf,FLAT FEE,$15.00 ,$15.00 ,per sq,,
10/5/2026,https://riversideca.gov/cedd/sites/riversideca.gov.cedd/files/pdf/building/forms/126_BUILDING-FEES_V2.0.pdf,FLAT FEE,Residential Patio Cover ≤ 400 SF,400,sf,TRUE,,,,,,,,FLAT FEE,$101.50 ,$101.50 ,per sq,,
10/5/2026,https://riversideca.gov/cedd/sites/riversideca.gov.cedd/files/pdf/building/forms/126_BUILDING-FEES_V2.0.pdf,FLAT FEE,Residential Patio Cover ≤ 400 SF,400,sf,,TRUE,,,,,400,sf,FLAT FEE,$20.00 ,$20.00 ,per sq,,
10/5/2026,https://riversideca.gov/cedd/sites/riversideca.gov.cedd/files/pdf/building/forms/126_BUILDING-FEES_V2.0.pdf,FLAT FEE,Commercial Patio Cover ≤ 400 SF,400,sf,TRUE,,,,,,,,FLAT FEE,$156.00 ,$156.00 ,per sq,,
10/5/2026,https://riversideca.gov/cedd/sites/riversideca.gov.cedd/files/pdf/building/forms/126_BUILDING-FEES_V2.0.pdf,FLAT FEE,Commercial Patio Cover ≤ 400 SF,400,sf,,TRUE,,,,,400,sf,FLAT FEE,$25.00 ,$25.00 ,per sq,,
10/5/2026,https://riversideca.gov/cedd/sites/riversideca.gov.cedd/files/pdf/building/forms/126_BUILDING-FEES_V2.0.pdf,FLAT FEE,Residential Foundation Repair/Earthquake Brace + Bolt (EBB),,,,,,,,,,,FLAT FEE,$97.00 ,$97.00 ,each,,
10/5/2026,https://riversideca.gov/cedd/sites/riversideca.gov.cedd/files/pdf/building/forms/126_BUILDING-FEES_V2.0.pdf,FLAT FEE,"Tents, grandstands, or other temporary structures",,,,,,,,,,,FLAT FEE,$73.50 ,$73.50 ,each,,
10/5/2026,https://riversideca.gov/cedd/sites/riversideca.gov.cedd/files/pdf/building/forms/126_BUILDING-FEES_V2.0.pdf,FLAT FEE,Commercial demising walls/partitions ≤ 1000 LF,"1,000",lf,TRUE,,,,,,,,FLAT FEE,$261.00 ,$261.00 ,per lf,,
10/5/2026,https://riversideca.gov/cedd/sites/riversideca.gov.cedd/files/pdf/building/forms/126_BUILDING-FEES_V2.0.pdf,FLAT FEE,Commercial demising walls/partitions ≤ 1000 LF,"1,000",lf,,TRUE,,,,,"1,000",lf,FLAT FEE,$261.00 ,$261.00 ,per lf,,
10/5/2026,https://riversideca.gov/cedd/sites/riversideca.gov.cedd/files/pdf/building/forms/126_BUILDING-FEES_V2.0.pdf,FLAT FEE,Residential Garage Conversion ≤ 400 SF,400,sf,TRUE,,,,,,,,FLAT FEE,$251.50 ,$251.50 ,per sq,,
10/5/2026,https://riversideca.gov/cedd/sites/riversideca.gov.cedd/files/pdf/building/forms/126_BUILDING-FEES_V2.0.pdf,FLAT FEE,Residential Garage Conversion ≤ 400 SF,400,sf,,TRUE,,,,,100,sf,FLAT FEE,$25.00 ,$25.00 ,per sq,,
10/5/2026,https://riversideca.gov/cedd/sites/riversideca.gov.cedd/files/pdf/building/forms/126_BUILDING-FEES_V2.0.pdf,FLAT FEE,Telecommunication Tower/Cell Site Equipment,,,,,,,,,,,FLAT FEE,$175.00 ,$175.00 ,each,,
10/5/2026,https://riversideca.gov/cedd/sites/riversideca.gov.cedd/files/pdf/building/forms/126_BUILDING-FEES_V2.0.pdf,FLAT FEE,Repeat Buildings,,,,,,,,,,,FLAT FEE,$293.00 , $-   ,each,,
10/5/2026,https://riversideca.gov/cedd/sites/riversideca.gov.cedd/files/pdf/building/forms/126_BUILDING-FEES_V2.0.pdf,FLAT FEE,Residential Swimming Pool/Spa ≤ 800 SF,800,sf,TRUE,,,,,,,,FLAT FEE,$261.00 ,$261.00 ,per sq,,
10/5/2026,https://riversideca.gov/cedd/sites/riversideca.gov.cedd/files/pdf/building/forms/126_BUILDING-FEES_V2.0.pdf,FLAT FEE,Residential Swimming Pool/Spa ≤ 800 SF,800,sf,,TRUE,,,,,100,sf,FLAT FEE,$15.00 ,$15.00 ,per sq,,
10/5/2026,https://riversideca.gov/cedd/sites/riversideca.gov.cedd/files/pdf/building/forms/126_BUILDING-FEES_V2.0.pdf,FLAT FEE,Commercial Swimming Pool/Spa ≤ 1000 SF,"1,000",sf,TRUE,,,,,,,,FLAT FEE,$653.00 ,$653.00 ,per sq,,
10/5/2026,https://riversideca.gov/cedd/sites/riversideca.gov.cedd/files/pdf/building/forms/126_BUILDING-FEES_V2.0.pdf,FLAT FEE,Commercial Swimming Pool/Spa ≤ 1000 SF,"1,000",sf,,TRUE,,,,,100,sf,FLAT FEE,$15.00 ,$15.00 ,per sq,,
10/5/2026,https://riversideca.gov/cedd/sites/riversideca.gov.cedd/files/pdf/building/forms/126_BUILDING-FEES_V2.0.pdf,MISC FLAT FEES,Special Inspection for Unpermitted Structure,,,,,,,,,,,FLAT FEE, $-   ,$131.00 ,each,,
10/5/2026,https://riversideca.gov/cedd/sites/riversideca.gov.cedd/files/pdf/building/forms/126_BUILDING-FEES_V2.0.pdf,MISC FLAT FEES,Self-Certification Re-roof,,,,,,,,,,,FLAT FEE, $-   ,$73.00 ,each,,
10/5/2026,https://riversideca.gov/cedd/sites/riversideca.gov.cedd/files/pdf/building/forms/126_BUILDING-FEES_V2.0.pdf,OTHER,Shell Only (60% of building permit + plan check fee),,,,,,,,,,,SURCHARGE,,,,60,
10/5/2026,https://riversideca.gov/cedd/sites/riversideca.gov.cedd/files/pdf/building/forms/126_BUILDING-FEES_V2.0.pdf,OTHER,Foundation Only (25% of building permit + plan check fee),,,,,,,,,,,SURCHARGE,,,,25,
10/5/2026,https://riversideca.gov/cedd/sites/riversideca.gov.cedd/files/pdf/building/forms/126_BUILDING-FEES_V2.0.pdf,MECHANICAL,Duct,,,,,,,,,,,FLAT FEE,$15.50 ,$15.50 ,each,,
10/5/2026,https://riversideca.gov/cedd/sites/riversideca.gov.cedd/files/pdf/building/forms/126_BUILDING-FEES_V2.0.pdf,MECHANICAL,Appliance Vent (appliance not included),,,,,,,,,,,FLAT FEE,$6.50 ,$6.50 ,each,,
10/5/2026,https://riversideca.gov/cedd/sites/riversideca.gov.cedd/files/pdf/building/forms/126_BUILDING-FEES_V2.0.pdf,MECHANICAL,AC Fan Coil,,,,,,,,,,,FLAT FEE,$11.50 ,$11.50 ,each,,
10/5/2026,https://riversideca.gov/cedd/sites/riversideca.gov.cedd/files/pdf/building/forms/126_BUILDING-FEES_V2.0.pdf,MECHANICAL,Evaporative Cooler,,,,,,,,,,,FLAT FEE,$23.00 ,$23.00 ,each,,
10/5/2026,https://riversideca.gov/cedd/sites/riversideca.gov.cedd/files/pdf/building/forms/126_BUILDING-FEES_V2.0.pdf,MECHANICAL,Commercial Cooking Equipment,,,,,,,,,,,FLAT FEE,$25.00 ,$25.00 ,each,,
10/5/2026,https://riversideca.gov/cedd/sites/riversideca.gov.cedd/files/pdf/building/forms/126_BUILDING-FEES_V2.0.pdf,MECHANICAL,Commercial Incinerator,,,,,,,,,,,FLAT FEE,$40.50 ,$40.50 ,each,,
10/5/2026,https://riversideca.gov/cedd/sites/riversideca.gov.cedd/files/pdf/building/forms/126_BUILDING-FEES_V2.0.pdf,MECHANICAL,Fire / Smoke Damper,,,,,,,,,,,FLAT FEE,$27.00 ,$27.00 ,each,,
10/5/2026,https://riversideca.gov/cedd/sites/riversideca.gov.cedd/files/pdf/building/forms/126_BUILDING-FEES_V2.0.pdf,MECHANICAL,Furnace,,,,,,,,,,,FLAT FEE,$23.00 ,$23.00 ,each,,
10/5/2026,https://riversideca.gov/cedd/sites/riversideca.gov.cedd/files/pdf/building/forms/126_BUILDING-FEES_V2.0.pdf,MECHANICAL,Wall Heater,,,,,,,,,,,FLAT FEE,$27.00 ,$27.00 ,each,,
10/5/2026,https://riversideca.gov/cedd/sites/riversideca.gov.cedd/files/pdf/building/forms/126_BUILDING-FEES_V2.0.pdf,MECHANICAL,Mechanical Exhaust Hood Commercial (Type I/II),,,,,,,,,,,FLAT FEE,$228.50 ,$228.50 ,each,,
10/5/2026,https://riversideca.gov/cedd/sites/riversideca.gov.cedd/files/pdf/building/forms/126_BUILDING-FEES_V2.0.pdf,MECHANICAL,Mechanical Exhaust Hood Residential,,,,,,,,,,,FLAT FEE,$11.50 ,$11.50 ,each,,
10/5/2026,https://riversideca.gov/cedd/sites/riversideca.gov.cedd/files/pdf/building/forms/126_BUILDING-FEES_V2.0.pdf,MECHANICAL,Clothes Dryer – Residential,,,,,,,,,,,FLAT FEE,$25.00 ,$25.00 ,each,,
10/5/2026,https://riversideca.gov/cedd/sites/riversideca.gov.cedd/files/pdf/building/forms/126_BUILDING-FEES_V2.0.pdf,MECHANICAL,Clothes Dryer – Commercial,,,,,,,,,,,FLAT FEE,$60.00 ,$60.00 ,each,,
10/5/2026,https://riversideca.gov/cedd/sites/riversideca.gov.cedd/files/pdf/building/forms/126_BUILDING-FEES_V2.0.pdf,MECHANICAL,Decorative Fireplace (wood or gas),,,,,,,,,,,FLAT FEE,$27.00 ,$27.00 ,each,,
10/5/2026,https://riversideca.gov/cedd/sites/riversideca.gov.cedd/files/pdf/building/forms/126_BUILDING-FEES_V2.0.pdf,MECHANICAL,Other Heater,,,,,,,,,,,FLAT FEE,$27.00 ,$27.00 ,each,,
10/5/2026,https://riversideca.gov/cedd/sites/riversideca.gov.cedd/files/pdf/building/forms/126_BUILDING-FEES_V2.0.pdf,MECHANICAL,Ventilation Fan,,,,,,,,,,,FLAT FEE,$11.50 ,$11.50 ,each,,
10/5/2026,https://riversideca.gov/cedd/sites/riversideca.gov.cedd/files/pdf/building/forms/126_BUILDING-FEES_V2.0.pdf,MECHANICAL,Commercial Spray Booth,,,,,,,,,,,FLAT FEE,$276.50 ,$276.50 ,each,,
10/5/2026,https://riversideca.gov/cedd/sites/riversideca.gov.cedd/files/pdf/building/forms/126_BUILDING-FEES_V2.0.pdf,MECHANICAL,"Boilers And Air Conditioning Unit 0–3 HP/Tons OR 100,000 BTU",3,hp/tons,TRUE,,,,3,hp/tons,,,FLAT FEE,$23.00 ,$23.00 ,each,,
10/5/2026,https://riversideca.gov/cedd/sites/riversideca.gov.cedd/files/pdf/building/forms/126_BUILDING-FEES_V2.0.pdf,MECHANICAL,"Boilers And Air Conditioning Unit 3–50 HP/Tons OR 100,000–175,000 BTU",3,hp/tons,,TRUE,,,50,hp/tons,,,FLAT FEE,$37.00 ,$37.00 ,each,,
10/5/2026,https://riversideca.gov/cedd/sites/riversideca.gov.cedd/files/pdf/building/forms/126_BUILDING-FEES_V2.0.pdf,MECHANICAL,"Boilers And Air Conditioning Unit 50+ HP/Tons Or 175,000+ BTU",50,hp/tons,,TRUE,,,,,,,FLAT FEE,$62.00 ,$62.00 ,each,,
10/5/2026,https://riversideca.gov/cedd/sites/riversideca.gov.cedd/files/pdf/building/forms/126_BUILDING-FEES_V2.0.pdf,MECHANICAL,Air Handling Unit,,,,,,,,,,,FLAT FEE,$23.00 ,$23.00 ,each,,
10/5/2026,https://riversideca.gov/cedd/sites/riversideca.gov.cedd/files/pdf/building/forms/126_BUILDING-FEES_V2.0.pdf,MECHANICAL,Other Equipment Or Devices – Not Specified,,,,,,,,,,,FLAT FEE,$13.50 ,$13.50 ,each,,
10/5/2026,https://riversideca.gov/cedd/sites/riversideca.gov.cedd/files/pdf/building/forms/126_BUILDING-FEES_V2.0.pdf,Electrical,Dwelling Re-Wire – Partial,,,,,,,,,,,FLAT FEE,$48.50 ,$48.50 ,each,,
10/5/2026,https://riversideca.gov/cedd/sites/riversideca.gov.cedd/files/pdf/building/forms/126_BUILDING-FEES_V2.0.pdf,Electrical,Dwelling Re-Wire – Full,,,,,,,,,,,FLAT FEE,$89.00 ,$89.00 ,each,,
10/5/2026,https://riversideca.gov/cedd/sites/riversideca.gov.cedd/files/pdf/building/forms/126_BUILDING-FEES_V2.0.pdf,Electrical,AC Heat Pumps,,,,,,,,,,,FLAT FEE,$15.50 ,$15.50 ,each,,
10/5/2026,https://riversideca.gov/cedd/sites/riversideca.gov.cedd/files/pdf/building/forms/126_BUILDING-FEES_V2.0.pdf,Electrical,EV Charger – Residential,,,,,,,,,,,FLAT FEE,$31.00 ,$31.00 ,each,,
10/5/2026,https://riversideca.gov/cedd/sites/riversideca.gov.cedd/files/pdf/building/forms/126_BUILDING-FEES_V2.0.pdf,Electrical,EV Charger – Commercial,,,,,,,,,,,FLAT FEE,$77.50 ,$77.50 ,each,,
10/5/2026,https://riversideca.gov/cedd/sites/riversideca.gov.cedd/files/pdf/building/forms/126_BUILDING-FEES_V2.0.pdf,Electrical,Lighting Standards – Commercial,,,,,,,,,,,FLAT FEE,$21.50 ,$21.50 ,each,,
10/5/2026,https://riversideca.gov/cedd/sites/riversideca.gov.cedd/files/pdf/building/forms/126_BUILDING-FEES_V2.0.pdf,Electrical,Moved Buildings (electrical portion),,,,,,,,,,,FLAT FEE,$64.00 ,$64.00 ,each,,
10/5/2026,https://riversideca.gov/cedd/sites/riversideca.gov.cedd/files/pdf/building/forms/126_BUILDING-FEES_V2.0.pdf,Electrical,Outlets And Receptacles,,,,,,,,,,,FLAT FEE,$1.00 ,$1.00 ,each,,
10/5/2026,https://riversideca.gov/cedd/sites/riversideca.gov.cedd/files/pdf/building/forms/126_BUILDING-FEES_V2.0.pdf,Electrical,Light Switches And Occupancy Sensors,,,,,,,,,,,FLAT FEE,$1.00 ,$1.00 ,each,,
10/5/2026,https://riversideca.gov/cedd/sites/riversideca.gov.cedd/files/pdf/building/forms/126_BUILDING-FEES_V2.0.pdf,Electrical,Meter Pedestal,,,,,,,,,,,FLAT FEE,$46.50 ,$46.50 ,each,,
10/5/2026,https://riversideca.gov/cedd/sites/riversideca.gov.cedd/files/pdf/building/forms/126_BUILDING-FEES_V2.0.pdf,Electrical,Meter Reset,,,,,,,,,,,FLAT FEE,$27.00 ,$27.00 ,each,,
10/5/2026,https://riversideca.gov/cedd/sites/riversideca.gov.cedd/files/pdf/building/forms/126_BUILDING-FEES_V2.0.pdf,Electrical,Dedicated Circuit,,,,,,,,,,,FLAT FEE,$4.50 ,$4.50 ,each,,
10/5/2026,https://riversideca.gov/cedd/sites/riversideca.gov.cedd/files/pdf/building/forms/126_BUILDING-FEES_V2.0.pdf,Electrical,Lighting Fixture,,,,,,,,,,,FLAT FEE,$5.00 ,$5.00 ,each,,
10/5/2026,https://riversideca.gov/cedd/sites/riversideca.gov.cedd/files/pdf/building/forms/126_BUILDING-FEES_V2.0.pdf,Electrical,Temporary Power Pole,,,,,,,,,,,FLAT FEE,$15.50 ,$15.50 ,each,,
10/5/2026,https://riversideca.gov/cedd/sites/riversideca.gov.cedd/files/pdf/building/forms/126_BUILDING-FEES_V2.0.pdf,Electrical,Additional Poles With Fixtures And/Or Outlets,,,,,,,,,,,FLAT FEE,$4.50 ,$4.50 ,each,,
10/5/2026,https://riversideca.gov/cedd/sites/riversideca.gov.cedd/files/pdf/building/forms/126_BUILDING-FEES_V2.0.pdf,Electrical,Yard Lighting Standards,,,,,,,,,,,FLAT FEE,$3.00 ,$3.00 ,each,,
10/5/2026,https://riversideca.gov/cedd/sites/riversideca.gov.cedd/files/pdf/building/forms/126_BUILDING-FEES_V2.0.pdf,Electrical,Electrical Service 0–200 Amp,200,amp,TRUE,,,,,,,,FLAT FEE,$42.50 ,$42.50 ,each,,
10/5/2026,https://riversideca.gov/cedd/sites/riversideca.gov.cedd/files/pdf/building/forms/126_BUILDING-FEES_V2.0.pdf,Electrical,"Electrical Service 201–1,000 Amp",200,amp,,TRUE,,,"1,000",amp,,,FLAT FEE,$75.50 ,$75.50 ,each,,
10/5/2026,https://riversideca.gov/cedd/sites/riversideca.gov.cedd/files/pdf/building/forms/126_BUILDING-FEES_V2.0.pdf,Electrical,"Electrical Service 1,000+ Amp","1,000",amp,,TRUE,,,,,,,FLAT FEE,$166.50 ,$166.50 ,each,,
10/5/2026,https://riversideca.gov/cedd/sites/riversideca.gov.cedd/files/pdf/building/forms/126_BUILDING-FEES_V2.0.pdf,Electrical,Electrical Switchboard Sub-Panels 0–600 V,600,v,TRUE,,,,,,,,FLAT FEE,$19.50 ,$19.50 ,each,,
10/5/2026,https://riversideca.gov/cedd/sites/riversideca.gov.cedd/files/pdf/building/forms/126_BUILDING-FEES_V2.0.pdf,Electrical,Electrical Switchboard Sub-Panels 600+ V,600,v,,TRUE,,,,,,,FLAT FEE,$38.50 ,$38.50 ,each,,
10/5/2026,https://riversideca.gov/cedd/sites/riversideca.gov.cedd/files/pdf/building/forms/126_BUILDING-FEES_V2.0.pdf,Electrical,"Motors (HP), Generators (kW), Transformers (kVA), & Appliances (kW) 0–3",3,kw,TRUE,,,,3,kw,,,FLAT FEE,$5.00 ,$5.00 ,each,,
10/5/2026,https://riversideca.gov/cedd/sites/riversideca.gov.cedd/files/pdf/building/forms/126_BUILDING-FEES_V2.0.pdf,Electrical,"Motors (HP), Generators (kW), Transformers (kVA), & Appliances (kW) 3–5",3,kw,,TRUE,,,5,kw,,,FLAT FEE,$11.50 ,$11.50 ,each,,
10/5/2026,https://riversideca.gov/cedd/sites/riversideca.gov.cedd/files/pdf/building/forms/126_BUILDING-FEES_V2.0.pdf,Electrical,"Motors (HP), Generators (kW), Transformers (kVA), & Appliances (kW) 5+",5,kw,,TRUE,,,,,,,FLAT FEE,$27.00 ,$27.00 ,each,,
10/5/2026,https://riversideca.gov/cedd/sites/riversideca.gov.cedd/files/pdf/building/forms/126_BUILDING-FEES_V2.0.pdf,Electrical,Other Equipment Or Devices – Not Specified,,,,,,,,,,,FLAT FEE,$27.00 ,$27.00 ,each,,
10/5/2026,https://riversideca.gov/cedd/sites/riversideca.gov.cedd/files/pdf/building/forms/126_BUILDING-FEES_V2.0.pdf,Plumbing,Backflow Protection Device,,,,,,,,,,,FLAT FEE,$1.50 ,$1.50 ,each,,
10/5/2026,https://riversideca.gov/cedd/sites/riversideca.gov.cedd/files/pdf/building/forms/126_BUILDING-FEES_V2.0.pdf,Plumbing,Building Sewers – Non-Residential,,,,,,,,,,,FLAT FEE,$64.00 ,$64.00 ,each,,
10/5/2026,https://riversideca.gov/cedd/sites/riversideca.gov.cedd/files/pdf/building/forms/126_BUILDING-FEES_V2.0.pdf,Plumbing,Building Sewers – Residential,,,,,,,,,,,FLAT FEE,$31.00 ,$31.00 ,each,,
10/5/2026,https://riversideca.gov/cedd/sites/riversideca.gov.cedd/files/pdf/building/forms/126_BUILDING-FEES_V2.0.pdf,Plumbing,"Drains, Sinks, Etc.",,,,,,,,,,,FLAT FEE,$3.00 ,$3.00 ,each,,
10/5/2026,https://riversideca.gov/cedd/sites/riversideca.gov.cedd/files/pdf/building/forms/126_BUILDING-FEES_V2.0.pdf,Plumbing,Dwellings Re-Pipe – Full,,,,,,,,,,,FLAT FEE,$56.00 ,$56.00 ,each,,
10/5/2026,https://riversideca.gov/cedd/sites/riversideca.gov.cedd/files/pdf/building/forms/126_BUILDING-FEES_V2.0.pdf,Plumbing,Dwellings Re-Pipe – Partial,,,,,,,,,,,FLAT FEE,$31.00 ,$31.00 ,each,,
10/5/2026,https://riversideca.gov/cedd/sites/riversideca.gov.cedd/files/pdf/building/forms/126_BUILDING-FEES_V2.0.pdf,Plumbing,Garbage Disposals Or Dishwashers,,,,,,,,,,,FLAT FEE,$15.50 ,$15.50 ,each,,
10/5/2026,https://riversideca.gov/cedd/sites/riversideca.gov.cedd/files/pdf/building/forms/126_BUILDING-FEES_V2.0.pdf,Plumbing,Gas Outlets,,,,,,,,,,,FLAT FEE,$2.50 ,$2.50 ,each,,
10/5/2026,https://riversideca.gov/cedd/sites/riversideca.gov.cedd/files/pdf/building/forms/126_BUILDING-FEES_V2.0.pdf,Plumbing,Add/Alter Gas Piping,,,,,,,,,,,FLAT FEE,$10.50 ,$10.50 ,each,,
10/5/2026,https://riversideca.gov/cedd/sites/riversideca.gov.cedd/files/pdf/building/forms/126_BUILDING-FEES_V2.0.pdf,Plumbing,New Gas Services,,,,,,,,,,,FLAT FEE,$62.00 ,$62.00 ,each,,
10/5/2026,https://riversideca.gov/cedd/sites/riversideca.gov.cedd/files/pdf/building/forms/126_BUILDING-FEES_V2.0.pdf,Plumbing,Moved Building – Plumbing,,,,,,,,,,,FLAT FEE,$44.50 ,$44.50 ,each,,
10/5/2026,https://riversideca.gov/cedd/sites/riversideca.gov.cedd/files/pdf/building/forms/126_BUILDING-FEES_V2.0.pdf,Plumbing,Private Sewage Systems,,,,,,,,,,,FLAT FEE,$73.50 ,$73.50 ,each,,
10/5/2026,https://riversideca.gov/cedd/sites/riversideca.gov.cedd/files/pdf/building/forms/126_BUILDING-FEES_V2.0.pdf,Plumbing,Rainwater Systems,,,,,,,,,,,FLAT FEE,$8.00 ,$8.00 ,each,,
10/5/2026,https://riversideca.gov/cedd/sites/riversideca.gov.cedd/files/pdf/building/forms/126_BUILDING-FEES_V2.0.pdf,Plumbing,Repair Or Alteration Of Drains Or Vents,,,,,,,,,,,FLAT FEE,$17.50 ,$17.50 ,each,,
10/5/2026,https://riversideca.gov/cedd/sites/riversideca.gov.cedd/files/pdf/building/forms/126_BUILDING-FEES_V2.0.pdf,Plumbing,Gravity Grease Interceptor,,,,,,,,,,,FLAT FEE,$257.50 ,$257.50 ,each,,
10/5/2026,https://riversideca.gov/cedd/sites/riversideca.gov.cedd/files/pdf/building/forms/126_BUILDING-FEES_V2.0.pdf,Plumbing,Sand Traps Or Grease Traps,,,,,,,,,,,FLAT FEE,$100.50 ,$100.50 ,each,,
10/5/2026,https://riversideca.gov/cedd/sites/riversideca.gov.cedd/files/pdf/building/forms/126_BUILDING-FEES_V2.0.pdf,Plumbing,Traps,,,,,,,,,,,FLAT FEE,$8.50 ,$8.50 ,each,,
10/5/2026,https://riversideca.gov/cedd/sites/riversideca.gov.cedd/files/pdf/building/forms/126_BUILDING-FEES_V2.0.pdf,Plumbing,Water Closet,,,,,,,,,,,FLAT FEE,$19.50 ,$19.50 ,each,,
10/5/2026,https://riversideca.gov/cedd/sites/riversideca.gov.cedd/files/pdf/building/forms/126_BUILDING-FEES_V2.0.pdf,Plumbing,Urinal,,,,,,,,,,,FLAT FEE,$19.50 ,$19.50 ,each,,
10/5/2026,https://riversideca.gov/cedd/sites/riversideca.gov.cedd/files/pdf/building/forms/126_BUILDING-FEES_V2.0.pdf,Plumbing,Tub/Shower,,,,,,,,,,,FLAT FEE,$27.00 ,$27.00 ,each,,
10/5/2026,https://riversideca.gov/cedd/sites/riversideca.gov.cedd/files/pdf/building/forms/126_BUILDING-FEES_V2.0.pdf,Plumbing,Clothes Washer,,,,,,,,,,,FLAT FEE,$21.50 ,$21.50 ,each,,
10/5/2026,https://riversideca.gov/cedd/sites/riversideca.gov.cedd/files/pdf/building/forms/126_BUILDING-FEES_V2.0.pdf,Plumbing,Jacuzzi Tub,,,,,,,,,,,FLAT FEE,$35.00 ,$35.00 ,each,,
10/5/2026,https://riversideca.gov/cedd/sites/riversideca.gov.cedd/files/pdf/building/forms/126_BUILDING-FEES_V2.0.pdf,Plumbing,Floor Sink/Drain,,,,,,,,,,,FLAT FEE,$13.50 ,$13.50 ,each,,
10/5/2026,https://riversideca.gov/cedd/sites/riversideca.gov.cedd/files/pdf/building/forms/126_BUILDING-FEES_V2.0.pdf,Plumbing,Septic Tank System Demolition,,,,,,,,,,,FLAT FEE,$56.00 ,$56.00 ,each,,
10/5/2026,https://riversideca.gov/cedd/sites/riversideca.gov.cedd/files/pdf/building/forms/126_BUILDING-FEES_V2.0.pdf,Plumbing,Sump Pumps,,,,,,,,,,,FLAT FEE,$46.50 ,$46.50 ,each,,
10/5/2026,https://riversideca.gov/cedd/sites/riversideca.gov.cedd/files/pdf/building/forms/126_BUILDING-FEES_V2.0.pdf,Plumbing,Pressure Regulator,,,,,,,,,,,FLAT FEE,$11.50 ,$11.50 ,each,,
10/5/2026,https://riversideca.gov/cedd/sites/riversideca.gov.cedd/files/pdf/building/forms/126_BUILDING-FEES_V2.0.pdf,Plumbing,Swimming Pool Piping/Repair,,,,,,,,,,,FLAT FEE,$48.50 ,$48.50 ,each,,
10/5/2026,https://riversideca.gov/cedd/sites/riversideca.gov.cedd/files/pdf/building/forms/126_BUILDING-FEES_V2.0.pdf,Plumbing,Solar Or Hydronic Systems,,,,,,,,,,,FLAT FEE,$102.50 ,$102.50 ,each,,
10/5/2026,https://riversideca.gov/cedd/sites/riversideca.gov.cedd/files/pdf/building/forms/126_BUILDING-FEES_V2.0.pdf,Plumbing,Water Heater Gas Vent,,,,,,,,,,,FLAT FEE,$8.50 ,$8.50 ,each,,
10/5/2026,https://riversideca.gov/cedd/sites/riversideca.gov.cedd/files/pdf/building/forms/126_BUILDING-FEES_V2.0.pdf,Plumbing,Water Piping,,,,,,,,,,,FLAT FEE,$3.50 ,$3.50 ,each,,
10/5/2026,https://riversideca.gov/cedd/sites/riversideca.gov.cedd/files/pdf/building/forms/126_BUILDING-FEES_V2.0.pdf,Plumbing,Water Service,,,,,,,,,,,FLAT FEE,$31.00 ,$31.00 ,each,,
10/5/2026,https://riversideca.gov/cedd/sites/riversideca.gov.cedd/files/pdf/building/forms/126_BUILDING-FEES_V2.0.pdf,Plumbing,Water Softeners,,,,,,,,,,,FLAT FEE,$19.50 ,$19.50 ,each,,
10/5/2026,https://riversideca.gov/cedd/sites/riversideca.gov.cedd/files/pdf/building/forms/126_BUILDING-FEES_V2.0.pdf,Plumbing,Yard Sprinklers,,,,,,,,,,,FLAT FEE,$4.50 ,$4.50 ,each,,
10/5/2026,https://riversideca.gov/cedd/sites/riversideca.gov.cedd/files/pdf/building/forms/126_BUILDING-FEES_V2.0.pdf,Plumbing,"Water Heater Up To 100,000 BTU","100,000",btu,TRUE,,,,,,,,FLAT FEE,$17.50 ,$17.50 ,each,,
10/5/2026,https://riversideca.gov/cedd/sites/riversideca.gov.cedd/files/pdf/building/forms/126_BUILDING-FEES_V2.0.pdf,Plumbing,"Water Heater 100,001–1,000,000 BTU","100,000",btu,,TRUE,,,"1,000,000",,,,FLAT FEE,$27.00 ,$27.00 ,each,,
10/5/2026,https://riversideca.gov/cedd/sites/riversideca.gov.cedd/files/pdf/building/forms/126_BUILDING-FEES_V2.0.pdf,Plumbing,"Water Heater 1,000,001+ BTU","1,000,000",btu,,TRUE,,,,,,,FLAT FEE,$48.50 ,$48.50 ,each,,
10/5/2026,https://riversideca.gov/cedd/sites/riversideca.gov.cedd/files/pdf/building/forms/126_BUILDING-FEES_V2.0.pdf,Plumbing,Other Fixtures Or Apparatus – Not Specified,,,,,,,,,,,FLAT FEE,$33.00 ,$33.00 ,each,,
