category,subcategory,item_name,url,unit_type,dimensions_l,dimensions_w,dimensions_h,weight_lbs,coverage_area,coverage_unit,price,trade_scope,room_types,,,,
Lumber & Shell,Framing,Sill Plate 2x4x8,https://www.homedepot.com/p/2-in-x-4-in-x-8-ft-Brown-Stain-Ground-Contact-Pressure-Treated-Lumber-WW-Actual-1-5-in-x-3-5-in-x-96-in-17463-08/206949446,each,96,3.5,1.5,,,,7.48,GC|Framer,All,,,,
Lumber & Shell,Framing,Sill Plate 2x6x8,https://www.homedepot.com/p/2-in-x-6-in-x-8-ft-Pressure-Treated-Lumber-Brown-Stain-Ground-Contact-WW-Actual-1-5-in-x-5-5-in-x-96-in-17464-08/206952301,each,96,5.5,1.5,,,,11.98,GC|Framer,All,,,,
Lumber & Shell,Framing,Framing Stud 2x4x8,https://www.homedepot.com/p/2-in-x-4-in-x-96-in-Premium-Cut-Framing-Stud-1011139502/328894019,each,96,3.5,1.5,,,,4.48,GC|Framer,All,,,,
Lumber & Shell,Framing,Framing Stud 2x4x92-5/8,https://www.homedepot.com/p/2-in-x-4-in-x-92-1-4-in-2-Premium-Grade-Fir-Dimensional-Lumber-00418/302284244,each,92.2,3.5,1.5,,,,3.75,GC|Framer,All,,,,
Lumber & Shell,Framing,Framing Stud 2x6x8,https://www.homedepot.com/p/2-in-x-6-in-x-8-ft-2-Premium-Grade-Fir-Dimensional-Lumber-769887254813/333311570,each,96,5.5,1.5,,,,9.48,GC|Framer,All,,,,
Lumber & Shell,Framing,Header Board 2x10x8,https://www.homedepot.com/p/2-in-x-10-in-x-8-ft-2-Premium-Grade-Fir-Dimensional-Lumber-915564/206182030,each,96,9.25,1.5,,,,16.43,GC|Framer,All,,,,
Lumber & Shell,Framing,Header Board 2x12x8,https://www.homedepot.com/p/2-in-x-12-in-x-8-ft-2-Premium-Grade-Fir-Dimensional-Lumber-707195/202094201,each,96,11.25,1.5,,,,21.56,GC|Framer,All,,,,
Lumber & Shell,Framing,Roof Rafter 2x8x16,https://www.homedepot.com/p/2-in-x-8-in-x-16-ft-2-Premium-Grade-Fir-Dimensional-Lumber-915556/206182011,each,192,7.25,1.5,,,,23.46,GC|Framer,All,,,,
Lumber & Shell,Framing,Roof Rafter 2x10x16,https://www.homedepot.com/p/2-in-x-10-in-x-16-ft-2-Premium-Grade-Fir-Dimensional-Lumber-603724/206182037,each,192,9.25,1.5,,,,31.96,GC|Framer,All,,,,
Lumber & Shell,Subflooring,Subfloor OSB 3/4 4x8,https://www.homedepot.com/p/23-32-in-T-G-OSB-Subfloor-Common-23-32-in-x-4-ft-x-8-ft-Actual-0-703-in-x-47-875-in-x-95-875-in-920924/100054132,sheet,95.875,47.875,0.703,,,,26.5,GC|Framer,All,,,,
Lumber & Shell,Subflooring,Subfloor Plywood 3/4 4x8,https://www.homedepot.com/p/3-4-in-x-4-ft-x-8-ft-Underlayment-Tongue-and-Groove-Fir-Sheathing-Plywood-90003100/206888607,sheet,96,48,0.703,,,,51.44,GC|Framer,All,,,,
Lumber & Shell,Roof Decking,Roof Decking OSB 7/16 4x8,https://www.homedepot.com/p/15-32-in-OSB-Sheathing-Common-15-32-in-x-4-ft-x-8-ft-Actual-0-451-in-x-47-875-in-x-95-875-in-512977/202084681,sheet,95.875,47.875,0.451,,,,21.2,GC|Framer,All,,,,
Lumber & Shell,Roof Decking,Roof Decking OSB 1/2 4x8,https://www.homedepot.com/p/1-2-In-4-Ft-x-8-Ft-Huber-Zip-OSB-Roof-Sheathing-402760/202089189,sheet,96,48,0.5,,,,41.21,GC|Framer,All,,,,
Lumber & Shell,Wall Sheathing,Wall Sheathing OSB 7/16 4x8,https://www.homedepot.com/p/OSB-7-16-Application-as-4ft-X-8-ft-Sheathing-Panel-386081/202106230,sheet,96,48,0.4375,,,,15.98,GC|Framer,All,,,,
Lumber & Shell,Drywall,Drywall 1/2 4x8,https://www.homedepot.com/p/USG-Sheetrock-Brand-1-2-in-x-4-ft-x-8-ft-USG-Sheetrock-Brand-UltraLight-Drywall-Panels-14113411708/202530243,sheet,96,48,0.5,,,,14.98,GC|Framer|Drywall,All,,,,
Lumber & Shell,Drywall,Drywall 5/8 4x8,https://www.homedepot.com/p/USG-Sheetrock-Brand-5-8-in-x-4-ft-x-8-ft-USG-Sheetrock-Brand-Firecode-X-Drywall-Panels-14211011308/100321591,sheet,96,48,0.625,,,,20.48,GC|Framer|Drywall,All,,,,
Lumber & Shell,Drywall,Drywall 1/2 4x12,https://www.homedepot.com/p/USG-Sheetrock-Brand-1-2-in-x-4-ft-x-12-ft-USG-Sheetrock-Brand-UltraLight-Drywall-Panels-14113411712/202530306,sheet,144,48,0.5,,,,22.8,GC|Framer|Drywall,All,,,,
Lumber & Shell,Drywall,Moisture Resistant Drywall 1/2 4x8,https://www.homedepot.com/p/USG-Sheetrock-Brand-1-2-in-x-4-ft-x-8-ft-USG-Sheetrock-Brand-UltraLight-Mold-Tough-Drywall-Panels-14302111708/203768542,sheet,96,48,0.5,,,,21.48,GC|Framer|Drywall,Bathroom|Kitchen,,,,
Lumber & Shell,Concrete,Concrete Mix 60lb bag,https://www.homedepot.com/p/Quikrete-60-lb-Concrete-Mix-110160/100318478,bag,,,,,60,,4.58,Lumber & Shell,GC,,,,
Lumber & Shell,Concrete,Concrete Mix 80lb bag,https://www.homedepot.com/p/Quikrete-80-lb-High-Early-Strength-Concrete-Mix-100700/100318486,bag,,,,,80,,5.98,Lumber & Shell,GC,,,,
Exterior Finishes,House Wrap,House Wrap 9x100,https://www.homedepot.com/p/Typar-9-ft-x-100-ft-Housewrap-Roll-3234A-909/203897518,roll,1200,108,,,,1200,357.93,Exterior Finishes,GC|Framer,,,,
Exterior Finishes,Siding,Vinyl Siding Panel,https://www.homedepot.com/p/LP-SmartSide-LP-SmartSide-Cedar-Texture-8-in-OC-Panel-Engineered-Treated-Wood-Siding-8-in-Application-as-3-8-in-x-4-ft-x-8-ft-27874/100055901,each,144,12,,,,,53.98,GC,All,,,,
Exterior Finishes,Siding,Fiber Cement Siding Panel,https://www.homedepot.com/p/James-Hardie-Hardie-Panel-HZ10-48-in-x-96-in-Primed-Sierra-8-Fiber-Cement-Panel-Siding-9000523/100072921,each,144,8.25,,,,,65.98,GC,All,,,,
Exterior Finishes,Roofing,Architectural Shingles 3-Tab Bundle,https://www.homedepot.com/p/GAF-Timberline-HDZ-Birchwood-Algae-Resistant-Laminated-High-Definition-Shingles-33-33-sq-ft-per-Bundle-0489097/309752940,bundle,,,,,,33.3,52.97,Exterior Finishes,GC|Framer,,,,
Exterior Finishes,Roofing,Architectural Shingles 30yr Bundle,https://www.homedepot.com/p/Owens-Corning-Oakridge-Estate-Gray-Laminate-Architectural-Roofing-Shingles-32-8-sq-ft-Per-Bundle-HK20/205655917,bundle,,,,,,33.3,50.97,Exterior Finishes,GC|Framer,,,,
Exterior Finishes,Roofing,Architectural Shingles 50yr Bundle,https://www.homedepot.com/p/Owens-Corning-Oakridge-Estate-Gray-Laminate-Architectural-Roofing-Shingles-32-8-sq-ft-Per-Bundle-HK20/205655917,bundle,,,,,,32.8,50.97,Exterior Finishes,GC|Framer,,,,
Exterior Finishes,Roofing,Roofing Felt 15lb 4sq Roll,https://www.homedepot.com/p/Warrior-Roofing-15-432-sq-ft-Felt-Roof-Deck-Protection-D406-0/100092007,roll,,,,,,432,34.97,Exterior Finishes,GC|Framer,,,,
Exterior Finishes,Roofing,Synthetic Roofing Underlayment Roll,https://www.homedepot.com/p/Stinger-EXO25-1000-sq-ft-Synthetic-Roofing-Underlayment-Roll-0342971/335952004,roll,,,,,,1000,115.53,Exterior Finishes,GC|Framer,,,,
Exterior Finishes,Windows,Single Hung Window 24x36,https://www.homedepot.com/p/TAFCO-WINDOWS-24-in-x-36-in-White-Double-Pane-Insulated-Glass-Vinyl-Single-Hung-Window-with-Screen-VSHI2436B/202207815,each,36,24,,,,,138.4,Exterior Finishes,GC,,,,
Exterior Finishes,Windows,Single Hung Window 36x48,https://www.homedepot.com/p/TAFCO-WINDOWS-36-in-x-48-in-White-Double-Pane-Insulated-Glass-Vinyl-Single-Hung-Window-with-Grids-and-Screen-VSHI3648GB/206523734,each,48,36,,,,,233.81,Exterior Finishes,GC,,,,
Exterior Finishes,Windows,Double Pane Low-E Window 36x48,https://www.homedepot.com/p/JELD-WEN-V-2500-Series-25-5-in-x-36-in-Double-Pane-Double-Hung-Vinyl-Low-E-White-Nail-Fin-Frame-New-Construction-Window-THDJW245800027/332713272,each,36,25.5,,,,,264.21,Exterior Finishes,GC,,,,
Exterior Finishes,Doors,Exterior Door Pre-hung 32x80,https://www.homedepot.com/p/Masonite-32-in-x-80-in-Premium-6-Panel-Right-Hand-Inswing-Primed-Steel-Prehung-Front-Door-with-Brickmold-27068/100094738,each,80,32,,,,,612.18,Exterior Finishes,GC,,,,
Exterior Finishes,Doors,Exterior Door Pre-hung 36x80,,each,80,36,,,,,,Exterior Finishes,GC,,,,
Exterior Finishes,Doors,Exterior Door Fiberglass 36x80,,each,80,36,,,,,,Exterior Finishes,GC,,,,
Interior Finishes,Insulation,Batt Insulation R-13 15x93,,bag,93,15,3.5,,,,,Interior Finishes,GC|Framer,,,,
Interior Finishes,Insulation,Batt Insulation R-15 15x93,,bag,93,15,3.5,,,,,Interior Finishes,GC|Framer,,,,
Interior Finishes,Insulation,Batt Insulation R-19 23x93,,bag,93,23,5.5,,,,,Interior Finishes,GC|Framer,,,,
Interior Finishes,Insulation,Batt Insulation R-30 16x48,,bag,48,16,10,,,,,Interior Finishes,GC|Framer,,,,
Interior Finishes,Insulation,Batt Insulation R-38 16x48,,bag,48,16,12,,,,,Interior Finishes,GC|Framer,,,,
Interior Finishes,Insulation,Rigid Foam Insulation 4x8 1in,,sheet,96,48,1,,,,,Interior Finishes,GC,,,,
Interior Finishes,Insulation,Rigid Foam Insulation 4x8 2in,,sheet,96,48,2,,,,,Interior Finishes,GC,,,,
Interior Finishes,Drywall Finish,Joint Compound 4.5gal Bucket,,bucket,,,,,,,,Interior Finishes,GC|Drywall,,,,
Interior Finishes,Drywall Finish,Lightweight Joint Compound 4.5gal,,bucket,,,,,,,,Interior Finishes,GC|Drywall,,,,
Interior Finishes,Drywall Finish,Paper Drywall Tape 500ft Roll,,roll,6000,2,,,,,,GC|Drywall,All,,,,
Interior Finishes,Drywall Finish,Mesh Drywall Tape 300ft Roll,,roll,3600,2,,,,,,GC|Drywall,All,,,,
Interior Finishes,Drywall Finish,Corner Bead Metal 8ft,,each,96,1.25,1.25,,,,,GC|Drywall,All,,,,
Interior Finishes,Drywall Finish,Corner Bead Vinyl 8ft,,each,96,1.25,1.25,,,,,GC|Drywall,All,,,,
Interior Finishes,Doors,Interior Door Pre-hung 24x80,,each,80,24,,,,,,Interior Finishes,GC,,,,
Interior Finishes,Doors,Interior Door Pre-hung 28x80,,each,80,28,,,,,,Interior Finishes,GC,,,,
Interior Finishes,Doors,Interior Door Pre-hung 30x80,,each,80,30,,,,,,Interior Finishes,GC,,,,
Interior Finishes,Doors,Interior Door Pre-hung 32x80,,each,80,32,,,,,,Interior Finishes,GC,,,,
Interior Finishes,Doors,Interior Door Solid Core 32x80,,each,80,32,,,,,,Interior Finishes,GC,,,,
Interior Finishes,Trim,Baseboard 3.5in x 8ft MDF,,each,96,3.5,0.5,,,,,GC|Painter,All,,,,
Interior Finishes,Trim,Baseboard 5.25in x 8ft MDF,,each,96,5.25,0.5,,,,,GC|Painter,All,,,,
Interior Finishes,Trim,Baseboard 5.25in x 8ft Wood,,each,96,5.25,0.75,,,,,GC|Painter,All,,,,
Interior Finishes,Trim,Door Casing 2.25in x 7ft MDF,,each,84,2.25,0.5,,,,,GC|Painter,All,,,,
Interior Finishes,Trim,Door Casing 3.5in x 7ft MDF,,each,84,3.5,0.5,,,,,GC|Painter,All,,,,
Interior Finishes,Trim,Crown Molding 3.5in x 8ft MDF,,each,96,3.5,0.75,,,,,GC|Painter,All,,,,
Interior Finishes,Trim,Crown Molding 4.5in x 8ft Wood,,each,96,4.5,0.75,,,,,GC|Painter,All,,,,
Interior Finishes,Paint,Interior Paint Flat 1gal,,gallon,,,,,,400,,Interior Finishes,GC|Painter,,,,
Interior Finishes,Paint,Interior Paint Eggshell 1gal,,gallon,,,,,,400,,Interior Finishes,GC|Painter,,,,
Interior Finishes,Paint,Interior Paint Satin 1gal,,gallon,,,,,,400,,Interior Finishes,GC|Painter,,,,
Interior Finishes,Paint,Interior Paint Semi-Gloss 1gal,,gallon,,,,,,400,,Interior Finishes,GC|Painter,,,,
Interior Finishes,Paint,Interior Paint Flat 5gal,,bucket,,,,,,2000,,Interior Finishes,GC|Painter,,,,
Interior Finishes,Paint,Interior Paint Eggshell 5gal,,bucket,,,,,,2000,,Interior Finishes,GC|Painter,,,,
Interior Finishes,Paint,Primer Interior 1gal,,gallon,,,,,,400,,Interior Finishes,GC|Painter,,,,
Interior Finishes,Paint,Primer Interior 5gal,,bucket,,,,,,2000,,Interior Finishes,GC|Painter,,,,
Interior Finishes,Paint,Primer Sealer 1gal,,gallon,,,,,,300,,Interior Finishes,GC|Painter,,,,
Flooring,Hardwood,Hardwood Flooring 3/4in x 2.25in x 1sqft,,sqft,,,0.75,,,,,,Flooring,,,,
Flooring,Hardwood,Hardwood Flooring 3/4in x 3.25in x 1sqft,,sqft,,,0.75,,,,,,Flooring,,,,
Flooring,Hardwood,Engineered Hardwood 1sqft,,sqft,,,0.5,,,,,,Flooring,,,,
Flooring,LVP,LVP Flooring Economy 1sqft,,sqft,,,0.2,,,,,,Flooring,,,,
Flooring,LVP,LVP Flooring Standard 1sqft,,sqft,,,0.3,,,,,,Flooring,,,,
Flooring,LVP,LVP Flooring Premium 1sqft,,sqft,,,0.4,,,,,,Flooring,,,,
Flooring,Carpet,Carpet Economy 1sqft,,sqft,,,,,,,,Flooring,GC,,,,
Flooring,Carpet,Carpet Standard 1sqft,,sqft,,,,,,,,Flooring,GC,,,,
Flooring,Carpet,Carpet Premium 1sqft,,sqft,,,,,,,,Flooring,GC,,,,
Flooring,Carpet,Carpet Pad Standard 1sqft,,sqft,,,,,,,,Flooring,GC,,,,
Flooring,Underlayment,Flooring Underlayment Roll 100sqft,,roll,,,,,,100,,Flooring,GC,,,,
Tile,Floor Tile,Ceramic Floor Tile 12x12,,sqft,12,12,0.375,,,,,,Tile,,,,
Tile,Floor Tile,Porcelain Floor Tile 12x24,,sqft,24,12,0.375,,,,,,Tile,,,,
Tile,Floor Tile,Porcelain Floor Tile 24x24,,sqft,24,24,0.5,,,,,,Tile,,,,
Tile,Wall Tile,Subway Tile 3x6,,sqft,6,3,0.25,,,,,,Tile,,,,
Tile,Wall Tile,Ceramic Wall Tile 4x16,,sqft,16,4,0.25,,,,,,Tile,,,,
Tile,Wall Tile,Porcelain Wall Tile 12x24,,sqft,24,12,0.375,,,,,,Tile,,,,
Tile,Mosaic,Mosaic Tile Sheet 12x12,,sheet,12,12,0.25,,,,,,Tile,,,,
Tile,Setting Materials,Tile Mortar 50lb Bag,,bag,,,,,50,40,,Tile,GC,,,,
Tile,Setting Materials,Tile Grout Sanded 10lb Bag,,bag,,,,,10,,,manual,,Sanded grout joints over 1/8in,Sanded grout joints over 1/8in,Sanded grout joints over 1/8in,Sanded grout joints over 1/8in
Tile,Setting Materials,Tile Grout Unsanded 10lb Bag,,bag,,,,,10,,,manual,,Unsanded grout narrow joints,Unsanded grout narrow joints,Unsanded grout narrow joints,Unsanded grout narrow joints
Tile,Setting Materials,Tile Backer Board 3x5 1/2in,,sheet,60,36,0.5,,,,,,Tile,,,,
Waste Removal,Dumpster,Dumpster Rental 10 Yard,,rental,,,,,,,,Waste Removal,GC|All Trades,,,,
Waste Removal,Dumpster,Dumpster Rental 20 Yard,,rental,,,,,,,,Waste Removal,GC|All Trades,,,,
Waste Removal,Dumpster,Dumpster Rental 30 Yard,,rental,,,,,,,,Waste Removal,GC|All Trades,,,,
Waste Removal,Disposal,Landfill Tipping Fee per Ton,,ton,,,,,,,,Waste Removal,GC,,,,
Waste Removal,Disposal,Haul Away Labor per Load,,load,,,,,,,,Waste Removal,GC,,,,
Fasteners & Hardware,Fasteners,Framing Nails 16d 50lb Box,,box,,,,,50,,,manual,,Common framing nail,Common framing nail,Common framing nail,Common framing nail
Fasteners & Hardware,Fasteners,Drywall Screws 1-5/8in 5lb Box,,box,,,,,5,,,manual,,Standard drywall screw,Standard drywall screw,Standard drywall screw,Standard drywall screw
Fasteners & Hardware,Fasteners,Deck Screws 3in 5lb Box,,box,,,,,5,,,manual,,Structural screws,Structural screws,Structural screws,Structural screws
Fasteners & Hardware,Connectors,Joist Hanger LUS26,,each,,,,,,,,Fasteners & Hardware,GC|Framer,,,,
Fasteners & Hardware,Connectors,Post Base ABA44,,each,,,,,,,,Fasteners & Hardware,GC|Framer,,,,
Fasteners & Hardware,Connectors,Hurricane Tie H2.5A,,each,,,,,,,,Fasteners & Hardware,GC|Framer,,,,
Electrical,Rough-in,Romex 14-2 Wire 250ft Roll,,roll,3000,,,,,,,,Electrical,,,,
Electrical,Rough-in,Romex 12-2 Wire 250ft Roll,,roll,3000,,,,,,,,Electrical,,,,
Electrical,Rough-in,Romex 10-2 Wire 250ft Roll,,roll,3000,,,,,,,,Electrical,,,,
Electrical,Rough-in,Single Gang Old Work Box,,each,,,,,,,,Electrical,GC|Electrician,,,,
Electrical,Rough-in,Single Gang New Work Box,,each,,,,,,,,Electrical,GC|Electrician,,,,
Electrical,Devices,Outlet Duplex 15A,,each,,,,,,,,Electrical,GC|Electrician,,,,
Electrical,Devices,Outlet GFCI 15A,,each,,,,,,,,Electrical,GC|Electrician,,,,
Electrical,Devices,Outlet GFCI 20A,,each,,,,,,,,Electrical,GC|Electrician,,,,
Electrical,Devices,Switch Single Pole,,each,,,,,,,,Electrical,GC|Electrician,,,,
Electrical,Devices,Switch 3-Way,,each,,,,,,,,Electrical,GC|Electrician,,,,
Electrical,Panel,Breaker Single Pole 15A,,each,,,,,,,,Electrical,GC|Electrician,,,,
Electrical,Panel,Breaker Single Pole 20A,,each,,,,,,,,Electrical,GC|Electrician,,,,
Electrical,Panel,Breaker Double Pole 30A,,each,,,,,,,,Electrical,GC|Electrician,,,,
Electrical,Panel,Breaker Double Pole 50A,,each,,,,,,,,Electrical,GC|Electrician,,,,
Plumbing,Supply,Copper Pipe 1/2in x 10ft,,each,120,0.625,0.625,,,,,,Plumbing,,,,
Plumbing,Supply,Copper Pipe 3/4in x 10ft,,each,120,0.875,0.875,,,,,,Plumbing,,,,
Plumbing,Supply,PEX Pipe 1/2in x 100ft Roll,,roll,1200,0.625,0.625,,,,,,Plumbing,,,,
Plumbing,Supply,PEX Pipe 3/4in x 100ft Roll,,roll,1200,0.875,0.875,,,,,,Plumbing,,,,
Plumbing,Drain,ABS Pipe 3in x 10ft,,each,120,3.5,3.5,,,,,,Plumbing,,,,
Plumbing,Drain,ABS Pipe 4in x 10ft,,each,120,4.5,4.5,,,,,,Plumbing,,,,
Plumbing,Drain,P-Trap 1-1/2in,,each,,,,,,,,Plumbing,GC|Plumber,,,,
Plumbing,Drain,P-Trap 2in,,each,,,,,,,,Plumbing,GC|Plumber,,,,
Plumbing,Fixtures,Toilet Economy,,each,,,,,,,,Plumbing,GC|Plumber,,,,
Plumbing,Fixtures,Toilet Standard,,each,,,,,,,,Plumbing,GC|Plumber,,,,
Plumbing,Fixtures,Toilet Premium,,each,,,,,,,,Plumbing,GC|Plumber,,,,
Plumbing,Fixtures,Bathroom Sink Economy,,each,,,,,,,,Plumbing,GC|Plumber,,,,
Plumbing,Fixtures,Bathroom Sink Standard,,each,,,,,,,,Plumbing,GC|Plumber,,,,
Plumbing,Fixtures,Bathroom Sink Premium,,each,,,,,,,,Plumbing,GC|Plumber,,,,
Plumbing,Fixtures,Kitchen Sink Single Basin Economy,,each,,,,,,,,Plumbing,GC|Plumber,,,,
Plumbing,Fixtures,Kitchen Sink Double Basin Standard,,each,,,,,,,,Plumbing,GC|Plumber,,,,
Plumbing,Fixtures,Kitchen Sink Farmhouse Premium,,each,,,,,,,,Plumbing,GC|Plumber,,,,
Plumbing,Fixtures,Shower Pan 36x36,,each,36,36,,,,,,manual,,Economy shower pan,Economy shower pan,Economy shower pan,Economy shower pan
Plumbing,Fixtures,Shower Pan 48x36,,each,48,36,,,,,,manual,,Standard shower pan,Standard shower pan,Standard shower pan,Standard shower pan
Plumbing,Fixtures,Bathtub Alcove 60x30 Economy,,each,60,30,,,,,,manual,,Economy alcove tub,Economy alcove tub,Economy alcove tub,Economy alcove tub
Plumbing,Fixtures,Bathtub Alcove 60x32 Standard,,each,60,32,,,,,,manual,,Standard alcove tub,Standard alcove tub,Standard alcove tub,Standard alcove tub
Plumbing,Fixtures,Freestanding Tub Premium,,each,,,,,,,,Plumbing,GC|Plumber,,,,
Plumbing,Water Heater,Water Heater Tank 40gal Electric,,each,,,,,,,,Plumbing,GC|Plumber,,,,
Plumbing,Water Heater,Water Heater Tank 50gal Gas,,each,,,,,,,,Plumbing,GC|Plumber,,,,
Plumbing,Water Heater,Tankless Water Heater Gas,,each,,,,,,,,Plumbing,GC|Plumber,,,,
Plumbing,Faucets,Bathroom Faucet Economy,,each,,,,,,,,Plumbing,GC|Plumber,,,,
Plumbing,Faucets,Bathroom Faucet Standard,,each,,,,,,,,Plumbing,GC|Plumber,,,,
Plumbing,Faucets,Bathroom Faucet Premium,,each,,,,,,,,Plumbing,GC|Plumber,,,,
Plumbing,Faucets,Kitchen Faucet Economy,,each,,,,,,,,Plumbing,GC|Plumber,,,,
Plumbing,Faucets,Kitchen Faucet Standard,,each,,,,,,,,Plumbing,GC|Plumber,,,,
Plumbing,Faucets,Kitchen Faucet Premium,,each,,,,,,,,Plumbing,GC|Plumber,,,,
Plumbing,Shower,Shower Valve Economy,,each,,,,,,,,Plumbing,GC|Plumber,,,,
Plumbing,Shower,Shower Valve Standard,,each,,,,,,,,Plumbing,GC|Plumber,,,,
Plumbing,Shower,Shower Valve Premium,,each,,,,,,,,Plumbing,GC|Plumber,,,,
Plumbing,Shower,Showerhead Economy,,each,,,,,,,,Plumbing,GC|Plumber,,,,
Plumbing,Shower,Showerhead Standard,,each,,,,,,,,Plumbing,GC|Plumber,,,,
Plumbing,Shower,Showerhead Premium,,each,,,,,,,,Plumbing,GC|Plumber,,,,
HVAC,Mini-Split,Mini-Split 9000 BTU Economy,,each,,,,,,,,HVAC,GC|HVAC,,,,
HVAC,Mini-Split,Mini-Split 12000 BTU Standard,,each,,,,,,,,HVAC,GC|HVAC,,,,
HVAC,Mini-Split,Mini-Split 18000 BTU Premium,,each,,,,,,,,HVAC,GC|HVAC,,,,
HVAC,Ducting,Flex Duct 6in x 25ft,,each,300,6,6,,,,,,HVAC,,,,
Plumbing,Rough-in,Shower Drain Economy,,each,,,,,,,,Plumbing,GC|Plumber,,,,
Plumbing,Rough-in,Shower Drain Linear Premium,,each,,,,,,,,Plumbing,GC|Plumber,,,,
Kitchen,Cabinets,Base Cabinet 12in Economy,,each,34.5,12,24,,,,,,Kitchen,,,,
Kitchen,Cabinets,Base Cabinet 24in Economy,,each,34.5,24,24,,,,,,Kitchen,,,,
Kitchen,Cabinets,Base Cabinet 36in Economy,,each,34.5,36,24,,,,,,Kitchen,,,,
Kitchen,Cabinets,Base Cabinet 36in Standard,,each,34.5,36,24,,,,,,Kitchen,,,,
Kitchen,Cabinets,Base Cabinet 36in Premium,,each,34.5,36,24,,,,,,Kitchen,,,,
Kitchen,Cabinets,Wall Cabinet 30in Economy,,each,30,30,12,,,,,,Kitchen,,,,
Kitchen,Cabinets,Wall Cabinet 30in Standard,,each,30,30,12,,,,,,Kitchen,,,,
Kitchen,Cabinets,Wall Cabinet 30in Premium,,each,30,30,12,,,,,,Kitchen,,,,
Kitchen,Countertops,Laminate Countertop per LF,,LF,,,,,,,,Kitchen,GC,,,,
Kitchen,Countertops,Quartz Countertop per sqft,,sqft,,,,,,,,Kitchen,GC,,,,
Kitchen,Countertops,Granite Countertop per sqft,,sqft,,,,,,,,Kitchen,GC,,,,
Kitchen,Appliances,Range Economy,,each,,,,,,,,Kitchen,GC,,,,
Kitchen,Appliances,Range Standard,,each,,,,,,,,Kitchen,GC,,,,
Kitchen,Appliances,Range Premium,,each,,,,,,,,Kitchen,GC,,,,
Kitchen,Appliances,Dishwasher Economy,,each,,,,,,,,Kitchen,GC,,,,
Kitchen,Appliances,Dishwasher Standard,,each,,,,,,,,Kitchen,GC,,,,
Kitchen,Appliances,Dishwasher Premium,,each,,,,,,,,Kitchen,GC,,,,
Kitchen,Appliances,Refrigerator Economy,,each,,,,,,,,Kitchen,GC,,,,
Kitchen,Appliances,Refrigerator Standard,,each,,,,,,,,Kitchen,GC,,,,
Kitchen,Appliances,Refrigerator Premium,,each,,,,,,,,Kitchen,GC,,,,
Kitchen,Ventilation,Range Hood Economy,,each,,,,,,,,Kitchen,GC,,,,
Kitchen,Ventilation,Range Hood Standard,,each,,,,,,,,Kitchen,GC,,,,
Kitchen,Ventilation,Range Hood Premium,,each,,,,,,,,Kitchen,GC,,,,
Bathroom,Vanity,Vanity 24in Economy,,each,21,24,34,,,,,,Bathroom,,,,
Bathroom,Vanity,Vanity 36in Standard,,each,21,36,34,,,,,,Bathroom,,,,
Bathroom,Vanity,Vanity 48in Premium,,each,21,48,34,,,,,,Bathroom,,,,
Bathroom,Vanity,Vanity 60in Double Premium,,each,21,60,34,,,,,,Bathroom,,,,
Bathroom,Accessories,Towel Bar 24in Economy,,each,24,,,,,,,,Bathroom,,,,
Bathroom,Accessories,Towel Bar 24in Standard,,each,24,,,,,,,,Bathroom,,,,
Bathroom,Accessories,Toilet Paper Holder Economy,,each,,,,,,,,Bathroom,GC,,,,
Bathroom,Accessories,Toilet Paper Holder Standard,,each,,,,,,,,Bathroom,GC,,,,
Bathroom,Accessories,Mirror 24x36 Economy,,each,36,24,,,,,,manual,,Economy frameless mirror,Economy frameless mirror,Economy frameless mirror,Economy frameless mirror
Bathroom,Accessories,Mirror 36x48 Standard,,each,48,36,,,,,,manual,,Standard framed mirror,Standard framed mirror,Standard framed mirror,Standard framed mirror
Bathroom,Accessories,Medicine Cabinet 24x30 Premium,,each,30,24,,,,,,manual,,Premium medicine cabinet,Premium medicine cabinet,Premium medicine cabinet,Premium medicine cabinet
