category,subcategory,item_name,brand,sku,model_number,url,unit_type,dimensions_l,dimensions_w,dimensions_h,weight_lbs,coverage_area,coverage_unit,price_min,price_min_sku,price_min_url,price_best_seller,price_best_seller_sku,price_best_seller_url,price_max,price_max_sku,price_max_url,zip_code,price_source,date_recorded,app_category,trade_scope,room_types,notes,,,,
Lumber & Shell,Framing,Sill Plate 2x4x8,Western Woods,1001765205,17463-08,https://www.homedepot.com/p/2-in-x-4-in-x-8-ft-Brown-Stain-Ground-Contact-Pressure-Treated-Lumber-WW-Actual-1-5-in-x-3-5-in-x-96-in-17463-08/206949446,each,96,3.5,1.5,,,,,,,7.48,,,,,,,92504,manual,,Lumber & Shell,GC|Framer,All,,,,
Lumber & Shell,Framing,Sill Plate 2x6x8,hem-fir,1001765212,17464-08,https://www.homedepot.com/p/2-in-x-6-in-x-8-ft-Pressure-Treated-Lumber-Brown-Stain-Ground-Contact-WW-Actual-1-5-in-x-5-5-in-x-96-in-17464-08/206952301,each,96,5.5,1.5,,,,,,,11.98,,,,,,,92504,manual,,Lumber & Shell,GC|Framer,All,,,,
Lumber & Shell,Framing,Framing Stud 2x4x8,,1011139502,1011139502,https://www.homedepot.com/p/2-in-x-4-in-x-96-in-Premium-Cut-Framing-Stud-1011139502/328894019,each,96,3.5,1.5,,,,,,,4.48,,,,,,,92504,manual,,Lumber & Shell,GC|Framer,All,,,,
Lumber & Shell,Framing,Framing Stud 2x4x92-5/8,,603503,418,https://www.homedepot.com/p/2-in-x-4-in-x-92-1-4-in-2-Premium-Grade-Fir-Dimensional-Lumber-00418/302284244,each,92.2,3.5,1.5,,,,,,,3.75,,,,,,,92504,manual,,Lumber & Shell,GC|Framer,All,,,,
Lumber & Shell,Framing,Framing Stud 2x6x8,,603643,7.69887E+11,https://www.homedepot.com/p/2-in-x-6-in-x-8-ft-2-Premium-Grade-Fir-Dimensional-Lumber-769887254813/333311570,each,96,5.5,1.5,,,,,,,9.48,,,,,,,92504,manual,,Lumber & Shell,GC|Framer,All,,,,
Lumber & Shell,Framing,Header Board 2x10x8,,915564,915564,https://www.homedepot.com/p/2-in-x-10-in-x-8-ft-2-Premium-Grade-Fir-Dimensional-Lumber-915564/206182030,each,96,9.25,1.5,,,,,,,16.43,,,,,,,92504,manual,,Lumber & Shell,GC|Framer,All,,,,
Lumber & Shell,Framing,Header Board 2x12x8,,707195,707195,https://www.homedepot.com/p/2-in-x-12-in-x-8-ft-2-Premium-Grade-Fir-Dimensional-Lumber-707195/202094201,each,96,11.25,1.5,,,,,,,21.56,,,,,,,92504,manual,,Lumber & Shell,GC|Framer,All,,,,
Lumber & Shell,Framing,Roof Rafter 2x8x16,,915556,915556,https://www.homedepot.com/p/2-in-x-8-in-x-16-ft-2-Premium-Grade-Fir-Dimensional-Lumber-915556/206182011,each,192,7.25,1.5,,,,,,,23.46,,,,,,,92504,manual,,Lumber & Shell,GC|Framer,All,,,,
Lumber & Shell,Framing,Roof Rafter 2x10x16,,603724,603724,https://www.homedepot.com/p/2-in-x-10-in-x-16-ft-2-Premium-Grade-Fir-Dimensional-Lumber-603724/206182037,each,192,9.25,1.5,,,,,,,31.96,,,,,,,92504,manual,,Lumber & Shell,GC|Framer,All,,,,
Lumber & Shell,Subflooring,Subfloor OSB 3/4 4x8,,920924,920924,https://www.homedepot.com/p/23-32-in-T-G-OSB-Subfloor-Common-23-32-in-x-4-ft-x-8-ft-Actual-0-703-in-x-47-875-in-x-95-875-in-920924/100054132,sheet,95.875,47.875,0.703,,,,,,,26.5,,,,,,,92504,manual,,Lumber & Shell,GC|Framer,All,,,,
Lumber & Shell,Subflooring,Subfloor Plywood 3/4 4x8,,915394,90003100,https://www.homedepot.com/p/3-4-in-x-4-ft-x-8-ft-Underlayment-Tongue-and-Groove-Fir-Sheathing-Plywood-90003100/206888607,sheet,96,48,0.703,,,,,,,51.44,,,,,,,92504,manual,,Lumber & Shell,GC|Framer,All,,,,
Lumber & Shell,Roof Decking,Roof Decking OSB 7/16 4x8,,512977,512977,https://www.homedepot.com/p/15-32-in-OSB-Sheathing-Common-15-32-in-x-4-ft-x-8-ft-Actual-0-451-in-x-47-875-in-x-95-875-in-512977/202084681,sheet,95.875,47.875,0.451,,,,,,,21.2,,,,,,,92504,manual,,Lumber & Shell,GC|Framer,All,,,,
Lumber & Shell,Roof Decking,Roof Decking OSB 1/2 4x8,ZIP,402760,402760,https://www.homedepot.com/p/1-2-In-4-Ft-x-8-Ft-Huber-Zip-OSB-Roof-Sheathing-402760/202089189,sheet,96,48,0.5,,,,,,,41.21,,,,,,,92504,manual,,Lumber & Shell,GC|Framer,All,,,,
Lumber & Shell,Wall Sheathing,Wall Sheathing OSB 7/16 4x8,,386081,386081,https://www.homedepot.com/p/OSB-7-16-Application-as-4ft-X-8-ft-Sheathing-Panel-386081/202106230,sheet,96,48,0.4375,,,,,,,15.98,,,,,,,92504,manual,,Lumber & Shell,GC|Framer,All,,,,
Lumber & Shell,Drywall,Drywall 1/2 4x8,,,,https://www.homedepot.com/p/USG-Sheetrock-Brand-1-2-in-x-4-ft-x-8-ft-USG-Sheetrock-Brand-UltraLight-Drywall-Panels-14113411708/202530243,sheet,96,48,0.5,,,,,,,14.98,,,,,,,92504,manual,,Lumber & Shell,GC|Framer|Drywall,All,,,,
Lumber & Shell,Drywall,Drywall 5/8 4x8,,,,https://www.homedepot.com/p/USG-Sheetrock-Brand-5-8-in-x-4-ft-x-8-ft-USG-Sheetrock-Brand-Firecode-X-Drywall-Panels-14211011308/100321591,sheet,96,48,0.625,,,,,,,20.48,,,,,,,92504,manual,,Lumber & Shell,GC|Framer|Drywall,All,,,,
Lumber & Shell,Drywall,Drywall 1/2 4x12,,,,https://www.homedepot.com/p/USG-Sheetrock-Brand-1-2-in-x-4-ft-x-12-ft-USG-Sheetrock-Brand-UltraLight-Drywall-Panels-14113411712/202530306,sheet,144,48,0.5,,,,,,,22.8,,,,,,,92504,manual,,Lumber & Shell,GC|Framer|Drywall,All,,,,
Lumber & Shell,Drywall,Moisture Resistant Drywall 1/2 4x8,,,,https://www.homedepot.com/p/USG-Sheetrock-Brand-1-2-in-x-4-ft-x-8-ft-USG-Sheetrock-Brand-UltraLight-Mold-Tough-Drywall-Panels-14302111708/203768542,sheet,96,48,0.5,,,,,,,21.48,,,,,,,92504,manual,,Lumber & Shell,GC|Framer|Drywall,Bathroom|Kitchen,,,,
Lumber & Shell,Concrete,Concrete Mix 60lb bag,,,,https://www.homedepot.com/p/Quikrete-60-lb-Concrete-Mix-110160/100318478,bag,,,,,60,,,,,4.58,,,,,,,,92504,manual,,Lumber & Shell,GC,,,,
Lumber & Shell,Concrete,Concrete Mix 80lb bag,,,,https://www.homedepot.com/p/Quikrete-80-lb-High-Early-Strength-Concrete-Mix-100700/100318486,bag,,,,,80,,,,,5.98,,,,,,,,92504,manual,,Lumber & Shell,GC,,,,
Exterior Finishes,House Wrap,House Wrap 9x100,,,,https://www.homedepot.com/p/Typar-9-ft-x-100-ft-Housewrap-Roll-3234A-909/203897518,roll,1200,108,,,,1200,sqft,,,357.93,,,,,,,,92504,manual,,Exterior Finishes,GC|Framer,,,,
Exterior Finishes,Siding,Vinyl Siding Panel,,,,https://www.homedepot.com/p/LP-SmartSide-LP-SmartSide-Cedar-Texture-8-in-OC-Panel-Engineered-Treated-Wood-Siding-8-in-Application-as-3-8-in-x-4-ft-x-8-ft-27874/100055901,each,144,12,,,,,,,,53.98,,,,,,,92504,manual,,Exterior Finishes,GC,All,,,,
Exterior Finishes,Siding,Fiber Cement Siding Panel,,,,https://www.homedepot.com/p/James-Hardie-Hardie-Panel-HZ10-48-in-x-96-in-Primed-Sierra-8-Fiber-Cement-Panel-Siding-9000523/100072921,each,144,8.25,,,,,,,,65.98,,,,,,,92504,manual,,Exterior Finishes,GC,All,,,,
Exterior Finishes,Roofing,Architectural Shingles 3-Tab Bundle,,,,https://www.homedepot.com/p/GAF-Timberline-HDZ-Birchwood-Algae-Resistant-Laminated-High-Definition-Shingles-33-33-sq-ft-per-Bundle-0489097/309752940,bundle,,,,,,33.3,sqft,,,52.97,,,,,,,,92504,manual,,Exterior Finishes,GC|Framer,,,,
Exterior Finishes,Roofing,Architectural Shingles 30yr Bundle,,,,https://www.homedepot.com/p/Owens-Corning-Oakridge-Estate-Gray-Laminate-Architectural-Roofing-Shingles-32-8-sq-ft-Per-Bundle-HK20/205655917,bundle,,,,,,33.3,sqft,,,50.97,,,,,,,,92504,manual,,Exterior Finishes,GC|Framer,,,,
Exterior Finishes,Roofing,Architectural Shingles 50yr Bundle,,,,https://www.homedepot.com/p/Owens-Corning-Oakridge-Estate-Gray-Laminate-Architectural-Roofing-Shingles-32-8-sq-ft-Per-Bundle-HK20/205655917,bundle,,,,,,32.8,sqft,,,50.97,,,,,,,,92504,manual,,Exterior Finishes,GC|Framer,,,,
Exterior Finishes,Roofing,Roofing Felt 15lb 4sq Roll,,,,https://www.homedepot.com/p/Warrior-Roofing-15-432-sq-ft-Felt-Roof-Deck-Protection-D406-0/100092007,roll,,,,,,432,sqft,,,34.97,,,,,,,,92504,manual,,Exterior Finishes,GC|Framer,,,,
Exterior Finishes,Roofing,Synthetic Roofing Underlayment Roll,,,,https://www.homedepot.com/p/Stinger-EXO25-1000-sq-ft-Synthetic-Roofing-Underlayment-Roll-0342971/335952004,roll,,,,,,1000,sqft,,,115.53,,,,,,,,92504,manual,,Exterior Finishes,GC|Framer,,,,
Exterior Finishes,Windows,Single Hung Window 24x36,,,,https://www.homedepot.com/p/TAFCO-WINDOWS-24-in-x-36-in-White-Double-Pane-Insulated-Glass-Vinyl-Single-Hung-Window-with-Screen-VSHI2436B/202207815,each,36,24,,,,,,,,138.4,,,,,,,,92504,manual,,Exterior Finishes,GC,,,,
Exterior Finishes,Windows,Single Hung Window 36x48,,,,https://www.homedepot.com/p/TAFCO-WINDOWS-36-in-x-48-in-White-Double-Pane-Insulated-Glass-Vinyl-Single-Hung-Window-with-Grids-and-Screen-VSHI3648GB/206523734,each,48,36,,,,,,,,233.81,,,,,,,,92504,manual,,Exterior Finishes,GC,,,,
Exterior Finishes,Windows,Double Pane Low-E Window 36x48,,,,https://www.homedepot.com/p/JELD-WEN-V-2500-Series-25-5-in-x-36-in-Double-Pane-Double-Hung-Vinyl-Low-E-White-Nail-Fin-Frame-New-Construction-Window-THDJW245800027/332713272,each,36,25.5,,,,,,,,264.21,,,,,,,,92504,manual,,Exterior Finishes,GC,,,,
Exterior Finishes,Doors,Exterior Door Pre-hung 32x80,,,,https://www.homedepot.com/p/Masonite-32-in-x-80-in-Premium-6-Panel-Right-Hand-Inswing-Primed-Steel-Prehung-Front-Door-with-Brickmold-27068/100094738,each,80,32,,,,,,,,612.18,,,,,,,,92504,manual,,Exterior Finishes,GC,,,,
Exterior Finishes,Doors,Exterior Door Pre-hung 36x80,,,,,each,80,36,,,,,,,,,,,,,,,,92504,manual,,Exterior Finishes,GC,,,,
Exterior Finishes,Doors,Exterior Door Fiberglass 36x80,,,,,each,80,36,,,,,,,,,,,,,,,,92504,manual,,Exterior Finishes,GC,,,,
Interior Finishes,Insulation,Batt Insulation R-13 15x93,,,,,bag,93,15,3.5,,,,,,,,,,,,,,,92504,manual,,Interior Finishes,GC|Framer,,,,
Interior Finishes,Insulation,Batt Insulation R-15 15x93,,,,,bag,93,15,3.5,,,,,,,,,,,,,,,92504,manual,,Interior Finishes,GC|Framer,,,,
Interior Finishes,Insulation,Batt Insulation R-19 23x93,,,,,bag,93,23,5.5,,,,,,,,,,,,,,,92504,manual,,Interior Finishes,GC|Framer,,,,
Interior Finishes,Insulation,Batt Insulation R-30 16x48,,,,,bag,48,16,10,,,,,,,,,,,,,,,92504,manual,,Interior Finishes,GC|Framer,,,,
Interior Finishes,Insulation,Batt Insulation R-38 16x48,,,,,bag,48,16,12,,,,,,,,,,,,,,,92504,manual,,Interior Finishes,GC|Framer,,,,
Interior Finishes,Insulation,Rigid Foam Insulation 4x8 1in,,,,,sheet,96,48,1,,,,,,,,,,,,,,,92504,manual,,Interior Finishes,GC,,,,
Interior Finishes,Insulation,Rigid Foam Insulation 4x8 2in,,,,,sheet,96,48,2,,,,,,,,,,,,,,,92504,manual,,Interior Finishes,GC,,,,
Interior Finishes,Drywall Finish,Joint Compound 4.5gal Bucket,,,,,bucket,,,,,,,,,,,,,,,,,,92504,manual,,Interior Finishes,GC|Drywall,,,,
Interior Finishes,Drywall Finish,Lightweight Joint Compound 4.5gal,,,,,bucket,,,,,,,,,,,,,,,,,,92504,manual,,Interior Finishes,GC|Drywall,,,,
Interior Finishes,Drywall Finish,Paper Drywall Tape 500ft Roll,,,,,roll,6000,2,,,,,,,,,,,,,,,92504,manual,,Interior Finishes,GC|Drywall,All,,,,
Interior Finishes,Drywall Finish,Mesh Drywall Tape 300ft Roll,,,,,roll,3600,2,,,,,,,,,,,,,,,92504,manual,,Interior Finishes,GC|Drywall,All,,,,
Interior Finishes,Drywall Finish,Corner Bead Metal 8ft,,,,,each,96,1.25,1.25,,,,,,,,,,,,,,92504,manual,,Interior Finishes,GC|Drywall,All,,,,
Interior Finishes,Drywall Finish,Corner Bead Vinyl 8ft,,,,,each,96,1.25,1.25,,,,,,,,,,,,,,92504,manual,,Interior Finishes,GC|Drywall,All,,,,
Interior Finishes,Doors,Interior Door Pre-hung 24x80,,,,,each,80,24,,,,,,,,,,,,,,,,92504,manual,,Interior Finishes,GC,,,,
Interior Finishes,Doors,Interior Door Pre-hung 28x80,,,,,each,80,28,,,,,,,,,,,,,,,,92504,manual,,Interior Finishes,GC,,,,
Interior Finishes,Doors,Interior Door Pre-hung 30x80,,,,,each,80,30,,,,,,,,,,,,,,,,92504,manual,,Interior Finishes,GC,,,,
Interior Finishes,Doors,Interior Door Pre-hung 32x80,,,,,each,80,32,,,,,,,,,,,,,,,,92504,manual,,Interior Finishes,GC,,,,
Interior Finishes,Doors,Interior Door Solid Core 32x80,,,,,each,80,32,,,,,,,,,,,,,,,,92504,manual,,Interior Finishes,GC,,,,
Interior Finishes,Trim,Baseboard 3.5in x 8ft MDF,,,,,each,96,3.5,0.5,,,,,,,,,,,,,,92504,manual,,Interior Finishes,GC|Painter,All,,,,
Interior Finishes,Trim,Baseboard 5.25in x 8ft MDF,,,,,each,96,5.25,0.5,,,,,,,,,,,,,,92504,manual,,Interior Finishes,GC|Painter,All,,,,
Interior Finishes,Trim,Baseboard 5.25in x 8ft Wood,,,,,each,96,5.25,0.75,,,,,,,,,,,,,,92504,manual,,Interior Finishes,GC|Painter,All,,,,
Interior Finishes,Trim,Door Casing 2.25in x 7ft MDF,,,,,each,84,2.25,0.5,,,,,,,,,,,,,,92504,manual,,Interior Finishes,GC|Painter,All,,,,
Interior Finishes,Trim,Door Casing 3.5in x 7ft MDF,,,,,each,84,3.5,0.5,,,,,,,,,,,,,,92504,manual,,Interior Finishes,GC|Painter,All,,,,
Interior Finishes,Trim,Crown Molding 3.5in x 8ft MDF,,,,,each,96,3.5,0.75,,,,,,,,,,,,,,92504,manual,,Interior Finishes,GC|Painter,All,,,,
Interior Finishes,Trim,Crown Molding 4.5in x 8ft Wood,,,,,each,96,4.5,0.75,,,,,,,,,,,,,,92504,manual,,Interior Finishes,GC|Painter,All,,,,
Interior Finishes,Paint,Interior Paint Flat 1gal,,,,,gallon,,,,,,400,sqft,,,,,,,,,,,92504,manual,,Interior Finishes,GC|Painter,,,,
Interior Finishes,Paint,Interior Paint Eggshell 1gal,,,,,gallon,,,,,,400,sqft,,,,,,,,,,,92504,manual,,Interior Finishes,GC|Painter,,,,
Interior Finishes,Paint,Interior Paint Satin 1gal,,,,,gallon,,,,,,400,sqft,,,,,,,,,,,92504,manual,,Interior Finishes,GC|Painter,,,,
Interior Finishes,Paint,Interior Paint Semi-Gloss 1gal,,,,,gallon,,,,,,400,sqft,,,,,,,,,,,92504,manual,,Interior Finishes,GC|Painter,,,,
Interior Finishes,Paint,Interior Paint Flat 5gal,,,,,bucket,,,,,,2000,sqft,,,,,,,,,,,92504,manual,,Interior Finishes,GC|Painter,,,,
Interior Finishes,Paint,Interior Paint Eggshell 5gal,,,,,bucket,,,,,,2000,sqft,,,,,,,,,,,92504,manual,,Interior Finishes,GC|Painter,,,,
Interior Finishes,Paint,Primer Interior 1gal,,,,,gallon,,,,,,400,sqft,,,,,,,,,,,92504,manual,,Interior Finishes,GC|Painter,,,,
Interior Finishes,Paint,Primer Interior 5gal,,,,,bucket,,,,,,2000,sqft,,,,,,,,,,,92504,manual,,Interior Finishes,GC|Painter,,,,
Interior Finishes,Paint,Primer Sealer 1gal,,,,,gallon,,,,,,300,sqft,,,,,,,,,,,92504,manual,,Interior Finishes,GC|Painter,,,,
Flooring,Hardwood,Hardwood Flooring 3/4in x 2.25in x 1sqft,,,,,sqft,,,0.75,,,,,,,,,,,,,,,,92504,manual,,Flooring,,,,
Flooring,Hardwood,Hardwood Flooring 3/4in x 3.25in x 1sqft,,,,,sqft,,,0.75,,,,,,,,,,,,,,,,92504,manual,,Flooring,,,,
Flooring,Hardwood,Engineered Hardwood 1sqft,,,,,sqft,,,0.5,,,,,,,,,,,,,,,,92504,manual,,Flooring,,,,
Flooring,LVP,LVP Flooring Economy 1sqft,,,,,sqft,,,0.2,,,,,,,,,,,,,,,,92504,manual,,Flooring,,,,
Flooring,LVP,LVP Flooring Standard 1sqft,,,,,sqft,,,0.3,,,,,,,,,,,,,,,,92504,manual,,Flooring,,,,
Flooring,LVP,LVP Flooring Premium 1sqft,,,,,sqft,,,0.4,,,,,,,,,,,,,,,,92504,manual,,Flooring,,,,
Flooring,Carpet,Carpet Economy 1sqft,,,,,sqft,,,,,,,,,,,,,,,,,,92504,manual,,Flooring,GC,,,,
Flooring,Carpet,Carpet Standard 1sqft,,,,,sqft,,,,,,,,,,,,,,,,,,92504,manual,,Flooring,GC,,,,
Flooring,Carpet,Carpet Premium 1sqft,,,,,sqft,,,,,,,,,,,,,,,,,,92504,manual,,Flooring,GC,,,,
Flooring,Carpet,Carpet Pad Standard 1sqft,,,,,sqft,,,,,,,,,,,,,,,,,,92504,manual,,Flooring,GC,,,,
Flooring,Underlayment,Flooring Underlayment Roll 100sqft,,,,,roll,,,,,,100,sqft,,,,,,,,,,,92504,manual,,Flooring,GC,,,,
Tile,Floor Tile,Ceramic Floor Tile 12x12,,,,,sqft,12,12,0.375,,,,,,,,,,,,,,,,92504,manual,,Tile,,,,
Tile,Floor Tile,Porcelain Floor Tile 12x24,,,,,sqft,24,12,0.375,,,,,,,,,,,,,,,,92504,manual,,Tile,,,,
Tile,Floor Tile,Porcelain Floor Tile 24x24,,,,,sqft,24,24,0.5,,,,,,,,,,,,,,,,92504,manual,,Tile,,,,
Tile,Wall Tile,Subway Tile 3x6,,,,,sqft,6,3,0.25,,,,,,,,,,,,,,,,92504,manual,,Tile,,,,
Tile,Wall Tile,Ceramic Wall Tile 4x16,,,,,sqft,16,4,0.25,,,,,,,,,,,,,,,,92504,manual,,Tile,,,,
Tile,Wall Tile,Porcelain Wall Tile 12x24,,,,,sqft,24,12,0.375,,,,,,,,,,,,,,,,92504,manual,,Tile,,,,
Tile,Mosaic,Mosaic Tile Sheet 12x12,,,,,sheet,12,12,0.25,,,,,,,,,,,,,,,,92504,manual,,Tile,,,,
Tile,Setting Materials,Tile Mortar 50lb Bag,,,,,bag,,,,,50,40,sqft,,,,,,,,,,,92504,manual,,Tile,GC,,,,
Tile,Setting Materials,Tile Grout Sanded 10lb Bag,,,,,bag,,,,,10,,,,,,,,,,,,,,,92504,manual,,Sanded grout joints over 1/8in,Sanded grout joints over 1/8in,Sanded grout joints over 1/8in,Sanded grout joints over 1/8in
Tile,Setting Materials,Tile Grout Unsanded 10lb Bag,,,,,bag,,,,,10,,,,,,,,,,,,,,,92504,manual,,Unsanded grout narrow joints,Unsanded grout narrow joints,Unsanded grout narrow joints,Unsanded grout narrow joints
Tile,Setting Materials,Tile Backer Board 3x5 1/2in,,,,,sheet,60,36,0.5,,,,,,,,,,,,,,,,92504,manual,,Tile,,,,
Waste Removal,Dumpster,Dumpster Rental 10 Yard,,,,,rental,,,,,,,,,,,,,,,,,,92504,manual,,Waste Removal,GC|All Trades,,,,
Waste Removal,Dumpster,Dumpster Rental 20 Yard,,,,,rental,,,,,,,,,,,,,,,,,,92504,manual,,Waste Removal,GC|All Trades,,,,
Waste Removal,Dumpster,Dumpster Rental 30 Yard,,,,,rental,,,,,,,,,,,,,,,,,,92504,manual,,Waste Removal,GC|All Trades,,,,
Waste Removal,Disposal,Landfill Tipping Fee per Ton,,,,,ton,,,,,,,,,,,,,,,,,,92504,manual,,Waste Removal,GC,,,,
Waste Removal,Disposal,Haul Away Labor per Load,,,,,load,,,,,,,,,,,,,,,,,,92504,manual,,Waste Removal,GC,,,,
Fasteners & Hardware,Fasteners,Framing Nails 16d 50lb Box,,,,,box,,,,,50,,,,,,,,,,,,,,,92504,manual,,Common framing nail,Common framing nail,Common framing nail,Common framing nail
Fasteners & Hardware,Fasteners,Drywall Screws 1-5/8in 5lb Box,,,,,box,,,,,5,,,,,,,,,,,,,,,92504,manual,,Standard drywall screw,Standard drywall screw,Standard drywall screw,Standard drywall screw
Fasteners & Hardware,Fasteners,Deck Screws 3in 5lb Box,,,,,box,,,,,5,,,,,,,,,,,,,,,92504,manual,,Structural screws,Structural screws,Structural screws,Structural screws
Fasteners & Hardware,Connectors,Joist Hanger LUS26,,,,,each,,,,,,,,,,,,,,,,,,92504,manual,,Fasteners & Hardware,GC|Framer,,,,
Fasteners & Hardware,Connectors,Post Base ABA44,,,,,each,,,,,,,,,,,,,,,,,,92504,manual,,Fasteners & Hardware,GC|Framer,,,,
Fasteners & Hardware,Connectors,Hurricane Tie H2.5A,,,,,each,,,,,,,,,,,,,,,,,,92504,manual,,Fasteners & Hardware,GC|Framer,,,,
Electrical,Rough-in,Romex 14-2 Wire 250ft Roll,,,,,roll,3000,,,,,,,,,,,,,,,,,,92504,manual,,Electrical,,,,
Electrical,Rough-in,Romex 12-2 Wire 250ft Roll,,,,,roll,3000,,,,,,,,,,,,,,,,,,92504,manual,,Electrical,,,,
Electrical,Rough-in,Romex 10-2 Wire 250ft Roll,,,,,roll,3000,,,,,,,,,,,,,,,,,,92504,manual,,Electrical,,,,
Electrical,Rough-in,Single Gang Old Work Box,,,,,each,,,,,,,,,,,,,,,,,,92504,manual,,Electrical,GC|Electrician,,,,
Electrical,Rough-in,Single Gang New Work Box,,,,,each,,,,,,,,,,,,,,,,,,92504,manual,,Electrical,GC|Electrician,,,,
Electrical,Devices,Outlet Duplex 15A,,,,,each,,,,,,,,,,,,,,,,,,92504,manual,,Electrical,GC|Electrician,,,,
Electrical,Devices,Outlet GFCI 15A,,,,,each,,,,,,,,,,,,,,,,,,92504,manual,,Electrical,GC|Electrician,,,,
Electrical,Devices,Outlet GFCI 20A,,,,,each,,,,,,,,,,,,,,,,,,92504,manual,,Electrical,GC|Electrician,,,,
Electrical,Devices,Switch Single Pole,,,,,each,,,,,,,,,,,,,,,,,,92504,manual,,Electrical,GC|Electrician,,,,
Electrical,Devices,Switch 3-Way,,,,,each,,,,,,,,,,,,,,,,,,92504,manual,,Electrical,GC|Electrician,,,,
Electrical,Panel,Breaker Single Pole 15A,,,,,each,,,,,,,,,,,,,,,,,,92504,manual,,Electrical,GC|Electrician,,,,
Electrical,Panel,Breaker Single Pole 20A,,,,,each,,,,,,,,,,,,,,,,,,92504,manual,,Electrical,GC|Electrician,,,,
Electrical,Panel,Breaker Double Pole 30A,,,,,each,,,,,,,,,,,,,,,,,,92504,manual,,Electrical,GC|Electrician,,,,
Electrical,Panel,Breaker Double Pole 50A,,,,,each,,,,,,,,,,,,,,,,,,92504,manual,,Electrical,GC|Electrician,,,,
Plumbing,Supply,Copper Pipe 1/2in x 10ft,,,,,each,120,0.625,0.625,,,,,,,,,,,,,,,,92504,manual,,Plumbing,,,,
Plumbing,Supply,Copper Pipe 3/4in x 10ft,,,,,each,120,0.875,0.875,,,,,,,,,,,,,,,,92504,manual,,Plumbing,,,,
Plumbing,Supply,PEX Pipe 1/2in x 100ft Roll,,,,,roll,1200,0.625,0.625,,,,,,,,,,,,,,,,92504,manual,,Plumbing,,,,
Plumbing,Supply,PEX Pipe 3/4in x 100ft Roll,,,,,roll,1200,0.875,0.875,,,,,,,,,,,,,,,,92504,manual,,Plumbing,,,,
Plumbing,Drain,ABS Pipe 3in x 10ft,,,,,each,120,3.5,3.5,,,,,,,,,,,,,,,,92504,manual,,Plumbing,,,,
Plumbing,Drain,ABS Pipe 4in x 10ft,,,,,each,120,4.5,4.5,,,,,,,,,,,,,,,,92504,manual,,Plumbing,,,,
Plumbing,Drain,P-Trap 1-1/2in,,,,,each,,,,,,,,,,,,,,,,,,92504,manual,,Plumbing,GC|Plumber,,,,
Plumbing,Drain,P-Trap 2in,,,,,each,,,,,,,,,,,,,,,,,,92504,manual,,Plumbing,GC|Plumber,,,,
Plumbing,Fixtures,Toilet Economy,,,,,each,,,,,,,,,,,,,,,,,,92504,manual,,Plumbing,GC|Plumber,,,,
Plumbing,Fixtures,Toilet Standard,,,,,each,,,,,,,,,,,,,,,,,,92504,manual,,Plumbing,GC|Plumber,,,,
Plumbing,Fixtures,Toilet Premium,,,,,each,,,,,,,,,,,,,,,,,,92504,manual,,Plumbing,GC|Plumber,,,,
Plumbing,Fixtures,Bathroom Sink Economy,,,,,each,,,,,,,,,,,,,,,,,,92504,manual,,Plumbing,GC|Plumber,,,,
Plumbing,Fixtures,Bathroom Sink Standard,,,,,each,,,,,,,,,,,,,,,,,,92504,manual,,Plumbing,GC|Plumber,,,,
Plumbing,Fixtures,Bathroom Sink Premium,,,,,each,,,,,,,,,,,,,,,,,,92504,manual,,Plumbing,GC|Plumber,,,,
Plumbing,Fixtures,Kitchen Sink Single Basin Economy,,,,,each,,,,,,,,,,,,,,,,,,92504,manual,,Plumbing,GC|Plumber,,,,
Plumbing,Fixtures,Kitchen Sink Double Basin Standard,,,,,each,,,,,,,,,,,,,,,,,,92504,manual,,Plumbing,GC|Plumber,,,,
Plumbing,Fixtures,Kitchen Sink Farmhouse Premium,,,,,each,,,,,,,,,,,,,,,,,,92504,manual,,Plumbing,GC|Plumber,,,,
Plumbing,Fixtures,Shower Pan 36x36,,,,,each,36,36,,,,,,,,,,,,,,,,,,92504,manual,,Economy shower pan,Economy shower pan,Economy shower pan,Economy shower pan
Plumbing,Fixtures,Shower Pan 48x36,,,,,each,48,36,,,,,,,,,,,,,,,,,,92504,manual,,Standard shower pan,Standard shower pan,Standard shower pan,Standard shower pan
Plumbing,Fixtures,Bathtub Alcove 60x30 Economy,,,,,each,60,30,,,,,,,,,,,,,,,,,,92504,manual,,Economy alcove tub,Economy alcove tub,Economy alcove tub,Economy alcove tub
Plumbing,Fixtures,Bathtub Alcove 60x32 Standard,,,,,each,60,32,,,,,,,,,,,,,,,,,,92504,manual,,Standard alcove tub,Standard alcove tub,Standard alcove tub,Standard alcove tub
Plumbing,Fixtures,Freestanding Tub Premium,,,,,each,,,,,,,,,,,,,,,,,,92504,manual,,Plumbing,GC|Plumber,,,,
Plumbing,Water Heater,Water Heater Tank 40gal Electric,,,,,each,,,,,,,,,,,,,,,,,,92504,manual,,Plumbing,GC|Plumber,,,,
Plumbing,Water Heater,Water Heater Tank 50gal Gas,,,,,each,,,,,,,,,,,,,,,,,,92504,manual,,Plumbing,GC|Plumber,,,,
Plumbing,Water Heater,Tankless Water Heater Gas,,,,,each,,,,,,,,,,,,,,,,,,92504,manual,,Plumbing,GC|Plumber,,,,
Plumbing,Faucets,Bathroom Faucet Economy,,,,,each,,,,,,,,,,,,,,,,,,92504,manual,,Plumbing,GC|Plumber,,,,
Plumbing,Faucets,Bathroom Faucet Standard,,,,,each,,,,,,,,,,,,,,,,,,92504,manual,,Plumbing,GC|Plumber,,,,
Plumbing,Faucets,Bathroom Faucet Premium,,,,,each,,,,,,,,,,,,,,,,,,92504,manual,,Plumbing,GC|Plumber,,,,
Plumbing,Faucets,Kitchen Faucet Economy,,,,,each,,,,,,,,,,,,,,,,,,92504,manual,,Plumbing,GC|Plumber,,,,
Plumbing,Faucets,Kitchen Faucet Standard,,,,,each,,,,,,,,,,,,,,,,,,92504,manual,,Plumbing,GC|Plumber,,,,
Plumbing,Faucets,Kitchen Faucet Premium,,,,,each,,,,,,,,,,,,,,,,,,92504,manual,,Plumbing,GC|Plumber,,,,
Plumbing,Shower,Shower Valve Economy,,,,,each,,,,,,,,,,,,,,,,,,92504,manual,,Plumbing,GC|Plumber,,,,
Plumbing,Shower,Shower Valve Standard,,,,,each,,,,,,,,,,,,,,,,,,92504,manual,,Plumbing,GC|Plumber,,,,
Plumbing,Shower,Shower Valve Premium,,,,,each,,,,,,,,,,,,,,,,,,92504,manual,,Plumbing,GC|Plumber,,,,
Plumbing,Shower,Showerhead Economy,,,,,each,,,,,,,,,,,,,,,,,,92504,manual,,Plumbing,GC|Plumber,,,,
Plumbing,Shower,Showerhead Standard,,,,,each,,,,,,,,,,,,,,,,,,92504,manual,,Plumbing,GC|Plumber,,,,
Plumbing,Shower,Showerhead Premium,,,,,each,,,,,,,,,,,,,,,,,,92504,manual,,Plumbing,GC|Plumber,,,,
HVAC,Mini-Split,Mini-Split 9000 BTU Economy,,,,,each,,,,,,,,,,,,,,,,,,92504,manual,,HVAC,GC|HVAC,,,,
HVAC,Mini-Split,Mini-Split 12000 BTU Standard,,,,,each,,,,,,,,,,,,,,,,,,92504,manual,,HVAC,GC|HVAC,,,,
HVAC,Mini-Split,Mini-Split 18000 BTU Premium,,,,,each,,,,,,,,,,,,,,,,,,92504,manual,,HVAC,GC|HVAC,,,,
HVAC,Ducting,Flex Duct 6in x 25ft,,,,,each,300,6,6,,,,,,,,,,,,,,,,92504,manual,,HVAC,,,,
Plumbing,Rough-in,Shower Drain Economy,,,,,each,,,,,,,,,,,,,,,,,,92504,manual,,Plumbing,GC|Plumber,,,,
Plumbing,Rough-in,Shower Drain Linear Premium,,,,,each,,,,,,,,,,,,,,,,,,92504,manual,,Plumbing,GC|Plumber,,,,
Kitchen,Cabinets,Base Cabinet 12in Economy,,,,,each,34.5,12,24,,,,,,,,,,,,,,,,92504,manual,,Kitchen,,,,
Kitchen,Cabinets,Base Cabinet 24in Economy,,,,,each,34.5,24,24,,,,,,,,,,,,,,,,92504,manual,,Kitchen,,,,
Kitchen,Cabinets,Base Cabinet 36in Economy,,,,,each,34.5,36,24,,,,,,,,,,,,,,,,92504,manual,,Kitchen,,,,
Kitchen,Cabinets,Base Cabinet 36in Standard,,,,,each,34.5,36,24,,,,,,,,,,,,,,,,92504,manual,,Kitchen,,,,
Kitchen,Cabinets,Base Cabinet 36in Premium,,,,,each,34.5,36,24,,,,,,,,,,,,,,,,92504,manual,,Kitchen,,,,
Kitchen,Cabinets,Wall Cabinet 30in Economy,,,,,each,30,30,12,,,,,,,,,,,,,,,,92504,manual,,Kitchen,,,,
Kitchen,Cabinets,Wall Cabinet 30in Standard,,,,,each,30,30,12,,,,,,,,,,,,,,,,92504,manual,,Kitchen,,,,
Kitchen,Cabinets,Wall Cabinet 30in Premium,,,,,each,30,30,12,,,,,,,,,,,,,,,,92504,manual,,Kitchen,,,,
Kitchen,Countertops,Laminate Countertop per LF,,,,,LF,,,,,,,,,,,,,,,,,,92504,manual,,Kitchen,GC,,,,
Kitchen,Countertops,Quartz Countertop per sqft,,,,,sqft,,,,,,,,,,,,,,,,,,92504,manual,,Kitchen,GC,,,,
Kitchen,Countertops,Granite Countertop per sqft,,,,,sqft,,,,,,,,,,,,,,,,,,92504,manual,,Kitchen,GC,,,,
Kitchen,Appliances,Range Economy,,,,,each,,,,,,,,,,,,,,,,,,92504,manual,,Kitchen,GC,,,,
Kitchen,Appliances,Range Standard,,,,,each,,,,,,,,,,,,,,,,,,92504,manual,,Kitchen,GC,,,,
Kitchen,Appliances,Range Premium,,,,,each,,,,,,,,,,,,,,,,,,92504,manual,,Kitchen,GC,,,,
Kitchen,Appliances,Dishwasher Economy,,,,,each,,,,,,,,,,,,,,,,,,92504,manual,,Kitchen,GC,,,,
Kitchen,Appliances,Dishwasher Standard,,,,,each,,,,,,,,,,,,,,,,,,92504,manual,,Kitchen,GC,,,,
Kitchen,Appliances,Dishwasher Premium,,,,,each,,,,,,,,,,,,,,,,,,92504,manual,,Kitchen,GC,,,,
Kitchen,Appliances,Refrigerator Economy,,,,,each,,,,,,,,,,,,,,,,,,92504,manual,,Kitchen,GC,,,,
Kitchen,Appliances,Refrigerator Standard,,,,,each,,,,,,,,,,,,,,,,,,92504,manual,,Kitchen,GC,,,,
Kitchen,Appliances,Refrigerator Premium,,,,,each,,,,,,,,,,,,,,,,,,92504,manual,,Kitchen,GC,,,,
Kitchen,Ventilation,Range Hood Economy,,,,,each,,,,,,,,,,,,,,,,,,92504,manual,,Kitchen,GC,,,,
Kitchen,Ventilation,Range Hood Standard,,,,,each,,,,,,,,,,,,,,,,,,92504,manual,,Kitchen,GC,,,,
Kitchen,Ventilation,Range Hood Premium,,,,,each,,,,,,,,,,,,,,,,,,92504,manual,,Kitchen,GC,,,,
Bathroom,Vanity,Vanity 24in Economy,,,,,each,21,24,34,,,,,,,,,,,,,,,,92504,manual,,Bathroom,,,,
Bathroom,Vanity,Vanity 36in Standard,,,,,each,21,36,34,,,,,,,,,,,,,,,,92504,manual,,Bathroom,,,,
Bathroom,Vanity,Vanity 48in Premium,,,,,each,21,48,34,,,,,,,,,,,,,,,,92504,manual,,Bathroom,,,,
Bathroom,Vanity,Vanity 60in Double Premium,,,,,each,21,60,34,,,,,,,,,,,,,,,,92504,manual,,Bathroom,,,,
Bathroom,Accessories,Towel Bar 24in Economy,,,,,each,24,,,,,,,,,,,,,,,,,,92504,manual,,Bathroom,,,,
Bathroom,Accessories,Towel Bar 24in Standard,,,,,each,24,,,,,,,,,,,,,,,,,,92504,manual,,Bathroom,,,,
Bathroom,Accessories,Toilet Paper Holder Economy,,,,,each,,,,,,,,,,,,,,,,,,92504,manual,,Bathroom,GC,,,,
Bathroom,Accessories,Toilet Paper Holder Standard,,,,,each,,,,,,,,,,,,,,,,,,92504,manual,,Bathroom,GC,,,,
Bathroom,Accessories,Mirror 24x36 Economy,,,,,each,36,24,,,,,,,,,,,,,,,,,,92504,manual,,Economy frameless mirror,Economy frameless mirror,Economy frameless mirror,Economy frameless mirror
Bathroom,Accessories,Mirror 36x48 Standard,,,,,each,48,36,,,,,,,,,,,,,,,,,,92504,manual,,Standard framed mirror,Standard framed mirror,Standard framed mirror,Standard framed mirror
Bathroom,Accessories,Medicine Cabinet 24x30 Premium,,,,,each,30,24,,,,,,,,,,,,,,,,,,92504,manual,,Premium medicine cabinet,Premium medicine cabinet,Premium medicine cabinet,Premium medicine cabinet
